date,currency,per_eur
2026-10-03,AED,4.13278675
2026-10-03,AFN,72.60750955
2026-10-03,ALL,92.06357804
2026-10-03,AMD,410.74712474
2026-10-03,ANG,2.03382346
2026-10-03,AOA,1033.57907917
2026-10-03,ARS,1715.69790267
2026-10-03,AUD,1.62256925
2026-10-03,AWG,2.01434671
2026-10-03,AZN,1.91307871
2026-10-03,BAM,1.95583
2026-10-03,BBD,2.25066671
2026-10-03,BDT,138.80589072
2026-10-03,BGN,1.95583
2026-10-03,BHD,0.42312534
2026-10-03,BIF,3385.73265442
2026-10-03,BMD,1.12533336
2026-10-03,BND,1.43977175
2026-10-03,BOB,13.53612611
2026-10-03,BRL,5.88208283
2026-10-03,BSD,1.12533336
2026-10-03,BTN,108.354344
2026-10-03,BWP,15.98490796
2026-10-03,BYN,3.397649
2026-10-03,BZD,2.27531815
2026-10-03,CAD,1.59963295
2026-10-03,CDF,2601.18040135
2026-10-03,CHF,0.93376643
2026-10-03,CLP,1105.83913967
2026-10-03,CNY,7.5474901
2026-10-03,COP,3732.6582043
2026-10-03,CRC,515.62854761
2026-10-03,CUP,135.04
2026-10-03,CVE,110.27
2026-10-03,CZK,24.46253485
2026-10-03,DJF,200.7708828
2026-10-03,DKK,7.47544127
2026-10-03,DOP,67.57539863
2026-10-03,DZD,150.84272673
2026-10-03,EGP,58.87191703
2026-10-03,ERN,16.88000036
2026-10-03,ETB,181.29883039
2026-10-03,EUR,1
2026-10-03,FJD,2.53469152
2026-10-03,FKP,0.85178645
2026-10-03,GBP,0.85178645
2026-10-03,GEL,2.9257
2026-10-03,GHS,13.21992585
2026-10-03,GIP,0.85178645
2026-10-03,GMD,83.29529765
2026-10-03,GNF,9930.42185103
2026-10-03,GTQ,8.60511696
2026-10-03,GYD,236.6269764
2026-10-03,HKD,8.83057369
2026-10-03,HNL,30.20831643
2026-10-03,HTG,147.71744025
2026-10-03,HUF,368.86700727
2026-10-03,IDR,20129.23991289
2026-10-03,ILS,3.45460768
2026-10-03,INR,108.354344
2026-10-03,IQD,1482.12842831
2026-10-03,IRR,1965251.771623
2026-10-03,ISK,137.00636222
2026-10-03,JMD,178.14656497
2026-10-03,JOD,0.79786135
2026-10-03,JPY,177.63152004
2026-10-03,KES,145.83912943
2026-10-03,KGS,98.41838229
2026-10-03,KHR,4563.51125113
2026-10-03,KMF,491.96774998
2026-10-03,KRW,1526.57478939
2026-10-03,KWD,0.34759271
2026-10-03,KYD,0.93405196
2026-10-03,KZT,497.80419152
2026-10-03,LAK,25281.85121865
2026-10-03,LBP,101042.49239276
2026-10-03,LKR,372.37427585
2026-10-03,LRD,193.73913397
2026-10-03,LSL,18.76358692
2026-10-03,LYD,7.22454229
2026-10-03,MAD,11.03286632
2026-10-03,MDL,20.00886328
2026-10-03,MGA,4982.56923634
2026-10-03,MKD,61.67539204
2026-10-03,MMK,2361.99166898
2026-10-03,MNT,4048.91396185
2026-10-03,MOP,9.0954909
2026-10-03,MRU,45.17224843
2026-10-03,MUR,54.16409317
2026-10-03,MVR,17.39743278
2026-10-03,MWK,1953.84109119
2026-10-03,MXN,20.55730186
2026-10-03,MYR,4.59578136
2026-10-03,MZN,71.83779814
2026-10-03,NAD,18.76358692
2026-10-03,NGN,1495.01975922
2026-10-03,NIO,41.32555644
2026-10-03,NOK,10.82289265
2026-10-03,NPR,173.44821615
2026-10-03,NZD,2.00451434
2026-10-03,OMR,0.43289927
2026-10-03,PAB,1.12533336
2026-10-03,PEN,3.90004319
2026-10-03,PGK,5.08974272
2026-10-03,PHP,70.47242192
2026-10-03,PKR,311.71328053
2026-10-03,PLN,4.37601154
2026-10-03,PYG,6599.01472071
2026-10-03,QAR,4.09621342
2026-10-03,RON,5.34288261
2026-10-03,RSD,117.53972468
2026-10-03,RUB,94.3201
2026-10-03,RWF,1665.94005195
2026-10-03,SAR,4.22000009
2026-10-03,SBD,9.05415659
2026-10-03,SCR,16.1728684
2026-10-03,SDG,675.44499331
2026-10-03,SEK,11.28228746
2026-10-03,SGD,1.43977175
2026-10-03,SHP,0.85178645
2026-10-03,SLE,25.9347586
2026-10-03,SOS,644.67468036
2026-10-03,SRD,42.47616356
2026-10-03,SSP,6428.57022165
2026-10-03,STN,24.68049356
2026-10-03,SYP,146.30193793
2026-10-03,THB,37.79684865
2026-10-03,TJS,10.39453211
2026-10-03,TMT,3.94674464
2026-10-03,TND,3.36131999
2026-10-03,TOP,2.69648962
2026-10-03,TRY,55.1819
2026-10-03,TTD,7.64272067
2026-10-03,TWD,35.93299005
2026-10-03,TZS,2968.5257901
2026-10-03,UAH,50.5333
2026-10-03,UGX,4450.30384612
2026-10-03,USD,1.12533336
2026-10-03,UYU,45.53744103
2026-10-03,UZS,13341.53269
2026-10-03,VES,974.07653238
2026-10-03,VND,29285.8278836
2026-10-03,VUV,135.33249813
2026-10-03,WST,3.10963674
2026-10-03,XAF,655.95699998
2026-10-03,XCD,3.04525179
2026-10-03,XOF,655.95699998
2026-10-03,XPF,119.33174224
2026-10-03,YER,266.01907468
2026-10-03,ZAR,18.76358692
2026-10-03,ZMW,22.19148383
2026-10-03,ZWG,30.1388221
