date,country_code,country_name,region,vanbasket_index,pct_vs_world,data_quality,last_updated_at
2026-10-03,AE,UAE,middle_east,138.4,38.4,official,2026-10-01
2026-10-03,AL,Albania,europe,96.9,-3.1,official,2026-10-01
2026-10-03,AM,Armenia,asia,78,-22,official,2026-10-01
2026-10-03,AR,Argentina,americas,70,-30,official,2026-10-01
2026-10-03,AT,Austria,europe,128.4,28.4,official,2026-10-01
2026-10-03,AU,Australia,oceania,148.5,48.5,official,2026-10-01
2026-10-03,AZ,Azerbaijan,asia,83,-17,official,2026-10-01
2026-10-03,BA,Bih,europe,92,-8,official,2026-10-01
2026-10-03,BD,Bangladesh,asia,65,-35,official,2026-10-01
2026-10-03,BE,Belgium,europe,124.8,24.8,official,2026-10-01
2026-10-03,BG,Bulgaria,europe,92.4,-7.6,official,2026-10-01
2026-10-03,BR,Brazil,americas,78,-22,official,2026-10-01
2026-10-03,BY,Belarus,europe,80,-20,official,2026-10-01
2026-10-03,CA,Canada,americas,152,52,official,2026-10-01
2026-10-03,CH,Switzerland,europe,199.2,99.2,official,2026-10-01
2026-10-03,CL,Chile,americas,92,-8,official,2026-10-01
2026-10-03,CN,China,asia,130.4,30.4,official,2026-10-01
2026-10-03,CO,Colombia,americas,72,-28,official,2026-10-01
2026-10-03,CR,Costa Rica,americas,95,-5,official,2026-10-01
2026-10-03,CY,Cyprus,europe,118,18,official,2026-10-01
2026-10-03,CZ,Czech Republic,europe,105.4,5.4,official,2026-10-01
2026-10-03,DE,Germany,europe,124.9,24.9,official,2026-10-01
2026-10-03,DK,Denmark,europe,140.2,40.2,official,2026-10-01
2026-10-03,EG,Egypt,middle_east,65,-35,official,2026-10-01
2026-10-03,ES,Spain,europe,115.5,15.5,official,2026-10-01
2026-10-03,FI,Finland,europe,133,33,official,2026-10-01
2026-10-03,FR,France,europe,132.1,32.1,official,2026-10-01
2026-10-03,GE,Georgia,asia,75,-25,official,2026-10-01
2026-10-03,GH,Ghana,africa,82,-18,official,2026-10-01
2026-10-03,GR,Greece,europe,116,16,official,2026-10-01
2026-10-03,HR,Croatia,europe,112,12,official,2026-10-01
2026-10-03,HU,Hungary,europe,101,1,official,2026-10-01
2026-10-03,ID,Indonesia,asia,89.5,-10.5,official,2026-10-01
2026-10-03,IE,Ireland,europe,130,30,official,2026-10-01
2026-10-03,IL,Israel,middle_east,188.7,88.7,official,2026-10-01
2026-10-03,IN,India,asia,58.2,-41.8,official,2026-10-01
2026-10-03,IS,Iceland,europe,165,65,official,2026-10-01
2026-10-03,IT,Italy,europe,128.8,28.8,official,2026-10-01
2026-10-03,JO,Jordan,middle_east,110,10,official,2026-10-01
2026-10-03,JP,Japan,asia,199.5,99.5,official,2026-10-01
2026-10-03,KE,Kenya,africa,78,-22,official,2026-10-01
2026-10-03,KG,Kyrgyzstan,asia,65,-35,official,2026-10-01
2026-10-03,KH,Cambodia,asia,89.6,-10.4,official,2026-10-01
2026-10-03,KR,South Korea,asia,208.8,108.8,official,2026-10-01
2026-10-03,KZ,Kazakhstan,asia,76,-24,official,2026-10-01
2026-10-03,LA,Laos,asia,82,-18,official,2026-10-01
2026-10-03,LB,Lebanon,middle_east,95,-5,official,2026-10-01
2026-10-03,LK,Sri Lanka,asia,68,-32,official,2026-10-01
2026-10-03,LU,Luxembourg,europe,128.5,28.5,official,2026-10-01
2026-10-03,MA,Morocco,africa,92.6,-7.4,official,2026-10-01
2026-10-03,MD,Moldova,europe,72,-28,official,2026-10-01
2026-10-03,ME,Montenegro,europe,95,-5,official,2026-10-01
2026-10-03,MK,North Macedonia,europe,85,-15,official,2026-10-01
2026-10-03,MM,Myanmar,asia,63,-37,official,2026-10-01
2026-10-03,MN,Mongolia,asia,78,-22,official,2026-10-01
2026-10-03,MT,Malta,europe,115,15,official,2026-10-01
2026-10-03,MX,Mexico,americas,88,-12,official,2026-10-01
2026-10-03,MY,Malaysia,asia,90,-10,official,2026-10-01
2026-10-03,NA,Namibia,africa,80,-20,official,2026-10-01
2026-10-03,NL,Netherlands,europe,114,14,official,2026-10-01
2026-10-03,NO,Norway,europe,177.2,77.2,official,2026-10-01
2026-10-03,NP,Nepal,asia,61,-39,official,2026-10-01
2026-10-03,NZ,New Zealand,oceania,142.5,42.5,official,2026-10-01
2026-10-03,OM,Oman,middle_east,120,20,official,2026-10-01
2026-10-03,PA,Panama,americas,88,-12,official,2026-10-01
2026-10-03,PE,Peru,americas,75,-25,official,2026-10-01
2026-10-03,PH,Philippines,asia,93.2,-6.8,official,2026-10-01
2026-10-03,PK,Pakistan,asia,69,-31,official,2026-10-01
2026-10-03,PL,Poland,europe,96,-4,official,2026-10-01
2026-10-03,PT,Portugal,europe,117.8,17.8,official,2026-10-01
2026-10-03,QA,Qatar,middle_east,127.9,27.9,official,2026-10-01
2026-10-03,RO,Romania,europe,88,-12,official,2026-10-01
2026-10-03,RS,Serbia,europe,99.5,-0.5,official,2026-10-01
2026-10-03,RU,Russia,europe,82,-18,official,2026-10-01
2026-10-03,SA,Saudi Arabia,middle_east,130.2,30.2,official,2026-10-01
2026-10-03,SE,Sweden,europe,138.3,38.3,official,2026-10-01
2026-10-03,SG,Singapore,asia,130.8,30.8,official,2026-10-01
2026-10-03,SI,Slovenia,europe,112.5,12.5,official,2026-10-01
2026-10-03,SK,Slovakia,europe,104,4,official,2026-10-01
2026-10-03,SN,Senegal,africa,85,-15,official,2026-10-01
2026-10-03,TH,Thailand,asia,83,-17,official,2026-10-01
2026-10-03,TJ,Tajikistan,asia,62,-38,official,2026-10-01
2026-10-03,TN,Tunisia,africa,74,-26,official,2026-10-01
2026-10-03,TR,Turkey,middle_east,88,-12,official,2026-10-01
2026-10-03,TW,Taiwan,asia,110,10,official,2026-10-01
2026-10-03,TZ,Tanzania,africa,70,-30,official,2026-10-01
2026-10-03,UA,Ukraine,europe,70,-30,official,2026-10-01
2026-10-03,US,United States,americas,117.5,17.5,official,2026-10-01
2026-10-03,UY,Uruguay,americas,95,-5,official,2026-10-01
2026-10-03,UZ,Uzbekistan,asia,68,-32,official,2026-10-01
2026-10-03,VN,Vietnam,asia,84,-16,official,2026-10-01
2026-10-03,ZA,South Africa,africa,72,-28,official,2026-10-01
2026-10-04,AE,UAE,middle_east,138.4,38.4,official,2026-10-01
2026-10-04,AL,Albania,europe,96.9,-3.1,official,2026-10-01
2026-10-04,AM,Armenia,asia,78,-22,official,2026-10-01
2026-10-04,AR,Argentina,americas,70,-30,official,2026-10-01
2026-10-04,AT,Austria,europe,128.4,28.4,official,2026-10-01
2026-10-04,AU,Australia,oceania,148.5,48.5,official,2026-10-01
2026-10-04,AZ,Azerbaijan,asia,83,-17,official,2026-10-01
2026-10-04,BA,Bih,europe,92,-8,official,2026-10-01
2026-10-04,BD,Bangladesh,asia,65,-35,official,2026-10-01
2026-10-04,BE,Belgium,europe,124.8,24.8,official,2026-10-01
2026-10-04,BG,Bulgaria,europe,92.4,-7.6,official,2026-10-01
2026-10-04,BR,Brazil,americas,78,-22,official,2026-10-01
2026-10-04,BY,Belarus,europe,80,-20,official,2026-10-01
2026-10-04,CA,Canada,americas,152,52,official,2026-10-01
2026-10-04,CH,Switzerland,europe,199.2,99.2,official,2026-10-01
2026-10-04,CL,Chile,americas,92,-8,official,2026-10-01
2026-10-04,CN,China,asia,130.4,30.4,official,2026-10-01
2026-10-04,CO,Colombia,americas,72,-28,official,2026-10-01
2026-10-04,CR,Costa Rica,americas,95,-5,official,2026-10-01
2026-10-04,CY,Cyprus,europe,118,18,official,2026-10-01
2026-10-04,CZ,Czech Republic,europe,105.4,5.4,official,2026-10-01
2026-10-04,DE,Germany,europe,124.9,24.9,official,2026-10-01
2026-10-04,DK,Denmark,europe,140.2,40.2,official,2026-10-01
2026-10-04,EG,Egypt,middle_east,65,-35,official,2026-10-01
2026-10-04,ES,Spain,europe,115.5,15.5,official,2026-10-01
2026-10-04,FI,Finland,europe,133,33,official,2026-10-01
2026-10-04,FR,France,europe,132.1,32.1,official,2026-10-01
2026-10-04,GE,Georgia,asia,75,-25,official,2026-10-01
2026-10-04,GH,Ghana,africa,82,-18,official,2026-10-01
2026-10-04,GR,Greece,europe,116,16,official,2026-10-01
2026-10-04,HR,Croatia,europe,112,12,official,2026-10-01
2026-10-04,HU,Hungary,europe,101,1,official,2026-10-01
2026-10-04,ID,Indonesia,asia,89.5,-10.5,official,2026-10-01
2026-10-04,IE,Ireland,europe,130,30,official,2026-10-01
2026-10-04,IL,Israel,middle_east,188.7,88.7,official,2026-10-01
2026-10-04,IN,India,asia,58.2,-41.8,official,2026-10-01
2026-10-04,IS,Iceland,europe,165,65,official,2026-10-01
2026-10-04,IT,Italy,europe,128.8,28.8,official,2026-10-01
2026-10-04,JO,Jordan,middle_east,110,10,official,2026-10-01
2026-10-04,JP,Japan,asia,199.5,99.5,official,2026-10-01
2026-10-04,KE,Kenya,africa,78,-22,official,2026-10-01
2026-10-04,KG,Kyrgyzstan,asia,65,-35,official,2026-10-01
2026-10-04,KH,Cambodia,asia,89.6,-10.4,official,2026-10-01
2026-10-04,KR,South Korea,asia,208.8,108.8,official,2026-10-01
2026-10-04,KZ,Kazakhstan,asia,76,-24,official,2026-10-01
2026-10-04,LA,Laos,asia,82,-18,official,2026-10-01
2026-10-04,LB,Lebanon,middle_east,95,-5,official,2026-10-01
2026-10-04,LK,Sri Lanka,asia,68,-32,official,2026-10-01
2026-10-04,LU,Luxembourg,europe,128.5,28.5,official,2026-10-01
2026-10-04,MA,Morocco,africa,92.6,-7.4,official,2026-10-01
2026-10-04,MD,Moldova,europe,72,-28,official,2026-10-01
2026-10-04,ME,Montenegro,europe,95,-5,official,2026-10-01
2026-10-04,MK,North Macedonia,europe,85,-15,official,2026-10-01
2026-10-04,MM,Myanmar,asia,63,-37,official,2026-10-01
2026-10-04,MN,Mongolia,asia,78,-22,official,2026-10-01
2026-10-04,MT,Malta,europe,115,15,official,2026-10-01
2026-10-04,MX,Mexico,americas,88,-12,official,2026-10-01
2026-10-04,MY,Malaysia,asia,90,-10,official,2026-10-01
2026-10-04,NA,Namibia,africa,80,-20,official,2026-10-01
2026-10-04,NL,Netherlands,europe,114,14,official,2026-10-01
2026-10-04,NO,Norway,europe,177.2,77.2,official,2026-10-01
2026-10-04,NP,Nepal,asia,61,-39,official,2026-10-01
2026-10-04,NZ,New Zealand,oceania,142.5,42.5,official,2026-10-01
2026-10-04,OM,Oman,middle_east,120,20,official,2026-10-01
2026-10-04,PA,Panama,americas,88,-12,official,2026-10-01
2026-10-04,PE,Peru,americas,75,-25,official,2026-10-01
2026-10-04,PH,Philippines,asia,93.2,-6.8,official,2026-10-01
2026-10-04,PK,Pakistan,asia,69,-31,official,2026-10-01
2026-10-04,PL,Poland,europe,96,-4,official,2026-10-01
2026-10-04,PT,Portugal,europe,117.8,17.8,official,2026-10-01
2026-10-04,QA,Qatar,middle_east,127.9,27.9,official,2026-10-01
2026-10-04,RO,Romania,europe,88,-12,official,2026-10-01
2026-10-04,RS,Serbia,europe,99.5,-0.5,official,2026-10-01
2026-10-04,RU,Russia,europe,82,-18,official,2026-10-01
2026-10-04,SA,Saudi Arabia,middle_east,130.2,30.2,official,2026-10-01
2026-10-04,SE,Sweden,europe,138.3,38.3,official,2026-10-01
2026-10-04,SG,Singapore,asia,130.8,30.8,official,2026-10-01
2026-10-04,SI,Slovenia,europe,112.5,12.5,official,2026-10-01
2026-10-04,SK,Slovakia,europe,104,4,official,2026-10-01
2026-10-04,SN,Senegal,africa,85,-15,official,2026-10-01
2026-10-04,TH,Thailand,asia,83,-17,official,2026-10-01
2026-10-04,TJ,Tajikistan,asia,62,-38,official,2026-10-01
2026-10-04,TN,Tunisia,africa,74,-26,official,2026-10-01
2026-10-04,TR,Turkey,middle_east,88,-12,official,2026-10-01
2026-10-04,TW,Taiwan,asia,110,10,official,2026-10-01
2026-10-04,TZ,Tanzania,africa,70,-30,official,2026-10-01
2026-10-04,UA,Ukraine,europe,70,-30,official,2026-10-01
2026-10-04,US,United States,americas,117.5,17.5,official,2026-10-01
2026-10-04,UY,Uruguay,americas,95,-5,official,2026-10-01
2026-10-04,UZ,Uzbekistan,asia,68,-32,official,2026-10-01
2026-10-04,VN,Vietnam,asia,84,-16,official,2026-10-01
2026-10-04,ZA,South Africa,africa,72,-28,official,2026-10-01
2026-10-05,AE,UAE,middle_east,138.4,38.4,official,2026-10-01
2026-10-05,AL,Albania,europe,96.9,-3.1,official,2026-10-01
2026-10-05,AM,Armenia,asia,78,-22,official,2026-10-01
2026-10-05,AR,Argentina,americas,70,-30,official,2026-10-01
2026-10-05,AT,Austria,europe,128.4,28.4,official,2026-10-01
2026-10-05,AU,Australia,oceania,148.5,48.5,official,2026-10-01
2026-10-05,AZ,Azerbaijan,asia,83,-17,official,2026-10-01
2026-10-05,BA,Bih,europe,92,-8,official,2026-10-01
2026-10-05,BD,Bangladesh,asia,65,-35,official,2026-10-01
2026-10-05,BE,Belgium,europe,124.8,24.8,official,2026-10-01
2026-10-05,BG,Bulgaria,europe,92.4,-7.6,official,2026-10-01
2026-10-05,BR,Brazil,americas,78,-22,official,2026-10-01
2026-10-05,BY,Belarus,europe,80,-20,official,2026-10-01
2026-10-05,CA,Canada,americas,152,52,official,2026-10-01
2026-10-05,CH,Switzerland,europe,199.2,99.2,official,2026-10-01
2026-10-05,CL,Chile,americas,92,-8,official,2026-10-01
2026-10-05,CN,China,asia,130.4,30.4,official,2026-10-01
2026-10-05,CO,Colombia,americas,72,-28,official,2026-10-01
2026-10-05,CR,Costa Rica,americas,95,-5,official,2026-10-01
2026-10-05,CY,Cyprus,europe,118,18,official,2026-10-01
2026-10-05,CZ,Czech Republic,europe,105.4,5.4,official,2026-10-01
2026-10-05,DE,Germany,europe,124.9,24.9,official,2026-10-01
2026-10-05,DK,Denmark,europe,140.2,40.2,official,2026-10-01
2026-10-05,EG,Egypt,middle_east,65,-35,official,2026-10-01
2026-10-05,ES,Spain,europe,115.5,15.5,official,2026-10-01
2026-10-05,FI,Finland,europe,133,33,official,2026-10-01
2026-10-05,FR,France,europe,132.1,32.1,official,2026-10-01
2026-10-05,GE,Georgia,asia,75,-25,official,2026-10-01
2026-10-05,GH,Ghana,africa,82,-18,official,2026-10-01
2026-10-05,GR,Greece,europe,116,16,official,2026-10-01
2026-10-05,HR,Croatia,europe,112,12,official,2026-10-01
2026-10-05,HU,Hungary,europe,101,1,official,2026-10-01
2026-10-05,ID,Indonesia,asia,89.5,-10.5,official,2026-10-01
2026-10-05,IE,Ireland,europe,130,30,official,2026-10-01
2026-10-05,IL,Israel,middle_east,188.7,88.7,official,2026-10-01
2026-10-05,IN,India,asia,58.2,-41.8,official,2026-10-01
2026-10-05,IS,Iceland,europe,165,65,official,2026-10-01
2026-10-05,IT,Italy,europe,128.8,28.8,official,2026-10-01
2026-10-05,JO,Jordan,middle_east,110,10,official,2026-10-01
2026-10-05,JP,Japan,asia,199.5,99.5,official,2026-10-01
2026-10-05,KE,Kenya,africa,78,-22,official,2026-10-01
2026-10-05,KG,Kyrgyzstan,asia,65,-35,official,2026-10-01
2026-10-05,KH,Cambodia,asia,89.6,-10.4,official,2026-10-01
2026-10-05,KR,South Korea,asia,208.8,108.8,official,2026-10-01
2026-10-05,KZ,Kazakhstan,asia,76,-24,official,2026-10-01
2026-10-05,LA,Laos,asia,82,-18,official,2026-10-01
2026-10-05,LB,Lebanon,middle_east,95,-5,official,2026-10-01
2026-10-05,LK,Sri Lanka,asia,68,-32,official,2026-10-01
2026-10-05,LU,Luxembourg,europe,128.5,28.5,official,2026-10-01
2026-10-05,MA,Morocco,africa,92.6,-7.4,official,2026-10-01
2026-10-05,MD,Moldova,europe,72,-28,official,2026-10-01
2026-10-05,ME,Montenegro,europe,95,-5,official,2026-10-01
2026-10-05,MK,North Macedonia,europe,85,-15,official,2026-10-01
2026-10-05,MM,Myanmar,asia,63,-37,official,2026-10-01
2026-10-05,MN,Mongolia,asia,78,-22,official,2026-10-01
2026-10-05,MT,Malta,europe,115,15,official,2026-10-01
2026-10-05,MX,Mexico,americas,88,-12,official,2026-10-01
2026-10-05,MY,Malaysia,asia,90,-10,official,2026-10-01
2026-10-05,NA,Namibia,africa,80,-20,official,2026-10-01
2026-10-05,NL,Netherlands,europe,114,14,official,2026-10-01
2026-10-05,NO,Norway,europe,177.2,77.2,official,2026-10-01
2026-10-05,NP,Nepal,asia,61,-39,official,2026-10-01
2026-10-05,NZ,New Zealand,oceania,142.5,42.5,official,2026-10-01
2026-10-05,OM,Oman,middle_east,120,20,official,2026-10-01
2026-10-05,PA,Panama,americas,88,-12,official,2026-10-01
2026-10-05,PE,Peru,americas,75,-25,official,2026-10-01
2026-10-05,PH,Philippines,asia,93.2,-6.8,official,2026-10-01
2026-10-05,PK,Pakistan,asia,69,-31,official,2026-10-01
2026-10-05,PL,Poland,europe,96,-4,official,2026-10-01
2026-10-05,PT,Portugal,europe,117.8,17.8,official,2026-10-01
2026-10-05,QA,Qatar,middle_east,127.9,27.9,official,2026-10-01
2026-10-05,RO,Romania,europe,88,-12,official,2026-10-01
2026-10-05,RS,Serbia,europe,99.5,-0.5,official,2026-10-01
2026-10-05,RU,Russia,europe,82,-18,official,2026-10-01
2026-10-05,SA,Saudi Arabia,middle_east,130.2,30.2,official,2026-10-01
2026-10-05,SE,Sweden,europe,138.3,38.3,official,2026-10-01
2026-10-05,SG,Singapore,asia,130.8,30.8,official,2026-10-01
2026-10-05,SI,Slovenia,europe,112.5,12.5,official,2026-10-01
2026-10-05,SK,Slovakia,europe,104,4,official,2026-10-01
2026-10-05,SN,Senegal,africa,85,-15,official,2026-10-01
2026-10-05,TH,Thailand,asia,83,-17,official,2026-10-01
2026-10-05,TJ,Tajikistan,asia,62,-38,official,2026-10-01
2026-10-05,TN,Tunisia,africa,74,-26,official,2026-10-01
2026-10-05,TR,Turkey,middle_east,88,-12,official,2026-10-01
2026-10-05,TW,Taiwan,asia,110,10,official,2026-10-01
2026-10-05,TZ,Tanzania,africa,70,-30,official,2026-10-01
2026-10-05,UA,Ukraine,europe,70,-30,official,2026-10-01
2026-10-05,US,United States,americas,117.5,17.5,official,2026-10-01
2026-10-05,UY,Uruguay,americas,95,-5,official,2026-10-01
2026-10-05,UZ,Uzbekistan,asia,68,-32,official,2026-10-01
2026-10-05,VN,Vietnam,asia,84,-16,official,2026-10-01
2026-10-05,ZA,South Africa,africa,72,-28,official,2026-10-01
