date,country_code,region,van_score,score_label,week_score,sleep_score,drive_score,solar_score,sea_score,solar_kwh,temp_day,temp_night,precip_sum,wind_max,fetched_at
2026-10-03,AD,europe,79,comfortable,61,62,100,27,,1.3,13.5,7.6,2.6,10.5,2026-10-03T12:00:35.042861Z
2026-10-03,AE,middle_east,17,extreme,23,65,94,54,88,2.4,37.2,31.4,0,19.8,2026-10-03T12:00:44.123911Z
2026-10-03,AL,europe,93,ideal,84,96,100,45,100,2,26,14.6,0,18.2,2026-10-03T12:00:33.014039Z
2026-10-03,AM,cis,75,comfortable,82,69,94,19,,1,14.8,8.3,16.1,9.1,2026-10-03T12:00:41.351709Z
2026-10-03,AO,africa,72,comfortable,63,93,100,55,100,2.4,27.9,22.3,0,17.7,2026-10-03T12:00:52.431683Z
2026-10-03,AR,americas,84,ideal,79,86,93,43,86,1.9,20.8,13.3,0,25.3,2026-10-03T12:01:06.508856Z
2026-10-03,AT,europe,91,ideal,81,84,100,34,,1.6,22.1,9.5,0,17.4,2026-10-03T12:00:35.620907Z
2026-10-03,AU,oceania,88,ideal,83,77,99,61,100,2.6,24.8,15.6,0,15.3,2026-10-03T12:01:09.364650Z
2026-10-03,AZ,cis,78,comfortable,82,70,84,5,,0.2,16,12.9,12.8,31.5,2026-10-03T12:00:41.571692Z
2026-10-03,BA,europe,87,ideal,83,93,100,41,100,1.8,23.9,12.7,0,10.4,2026-10-03T12:00:34.141796Z
2026-10-03,BD,asia,16,extreme,34,75,100,42,100,1.9,33.8,27.2,0,7.3,2026-10-03T12:01:01.483685Z
2026-10-03,BE,europe,90,ideal,77,78,100,28,94,1.3,20.8,8.8,0,6.8,2026-10-03T12:00:36.326969Z
2026-10-03,BF,africa,36,hard,39,93,100,50,,2.2,31.3,23,2.8,6.2,2026-10-03T12:00:50.445904Z
2026-10-03,BG,europe,90,ideal,87,87,100,42,92,1.9,18.6,9.7,0,14.3,2026-10-03T12:00:40.213474Z
2026-10-03,BH,middle_east,20,hard,22,65,83,55,88,2.4,39.2,30.6,0,15,2026-10-03T12:00:45.075607Z
2026-10-03,BI,africa,87,ideal,83,100,100,37,,1.7,25.7,18.2,3,15,2026-10-03T12:00:54.225056Z
2026-10-03,BJ,africa,38,hard,46,73,88,40,100,1.8,30.2,23.4,18.3,5.4,2026-10-03T12:00:49.779089Z
2026-10-03,BN,asia,29,hard,36,66,95,52,88,2.3,30.7,26,7.2,10.6,2026-10-03T12:01:00.137013Z
2026-10-03,BO,americas,63,comfortable,67,62,95,78,,3.4,17.8,-0.8,0,22.4,2026-10-03T12:01:07.958830Z
2026-10-03,BR,americas,64,comfortable,54,83,96,26,100,1.2,22.5,16,0,20.2,2026-10-03T12:01:06.739422Z
2026-10-03,BT,asia,86,ideal,85,56,100,20,,1,15,8.3,0,5,2026-10-03T12:01:02.381499Z
2026-10-03,BW,africa,98,ideal,78,93,100,70,,3,25.9,11.8,0,17.9,2026-10-03T12:00:55.127132Z
2026-10-03,BY,cis,81,ideal,80,67,100,25,,1.2,18.1,5.2,0,7.8,2026-10-03T12:00:40.902817Z
2026-10-03,BZ,americas,25,hard,32,53,95,30,100,1.4,31,26.3,5.2,10.7,2026-10-03T12:01:04.029098Z
2026-10-03,CA,americas,83,ideal,74,74,100,36,70,1.6,18.1,11.1,0,7.6,2026-10-03T12:01:03.177546Z
2026-10-03,CD,africa,48,acceptable,51,86,100,42,,1.9,31.8,23.7,2.9,8.6,2026-10-03T12:00:52.211955Z
2026-10-03,CG,africa,47,acceptable,54,86,100,42,100,1.9,32.2,24.9,3.4,10.6,2026-10-03T12:00:51.991042Z
2026-10-03,CH,europe,90,ideal,77,80,100,29,,1.4,20.7,11.3,0,4.8,2026-10-03T12:00:35.848659Z
2026-10-03,CI,africa,47,acceptable,49,93,100,55,100,2.4,30.5,22.2,0,10.2,2026-10-03T12:00:49.101831Z
2026-10-03,CL,americas,94,ideal,86,66,100,50,86,2.2,17.4,9,0.8,17.5,2026-10-03T12:01:07.043630Z
2026-10-03,CM,africa,62,comfortable,56,80,95,42,100,1.9,26.5,19.7,10.6,8.4,2026-10-03T12:00:51.330787Z
2026-10-03,CN,asia,78,comfortable,85,93,95,30,100,1.4,22.9,11.1,0,18.6,2026-10-03T12:00:57.388202Z
2026-10-03,CO,americas,71,comfortable,59,74,100,32,100,1.5,19.6,10.3,0.1,11.4,2026-10-03T12:01:08.451712Z
2026-10-03,CR,americas,76,comfortable,63,81,95,35,100,1.6,20,14.4,9.4,5.9,2026-10-03T12:01:05.069867Z
2026-10-03,CU,americas,31,hard,36,56,100,47,100,2.1,32.3,25.5,4.2,13.7,2026-10-03T12:01:05.553044Z
2026-10-03,CV,africa,32,hard,51,67,100,55,100,2.4,28.5,26.6,0,23.1,2026-10-03T12:00:51.107114Z
2026-10-03,CY,europe,95,ideal,86,97,100,45,100,2,24.8,19.3,0,15.5,2026-10-03T12:00:33.243945Z
2026-10-03,CZ,europe,90,ideal,80,88,100,32,,1.5,21.5,8.4,0,13.9,2026-10-03T12:00:39.314248Z
2026-10-03,DE,europe,88,ideal,79,79,100,25,,1.2,21.3,10.7,0,6.2,2026-10-03T12:00:35.286046Z
2026-10-03,DJ,africa,30,hard,35,65,100,57,88,2.5,31.3,30.5,0,19.8,2026-10-03T12:00:53.102939Z
2026-10-03,DK,europe,84,ideal,73,77,100,25,86,1.2,17.3,9.2,0,14.9,2026-10-03T12:00:37.968462Z
2026-10-03,DO,americas,39,hard,41,63,95,47,100,2.1,30.5,22.5,6.4,11.2,2026-10-03T12:01:05.779791Z
2026-10-03,DZ,africa,87,ideal,85,91,100,39,100,1.8,27.4,20.2,0.5,20.9,2026-10-03T12:00:46.638403Z
2026-10-03,EC,americas,79,comfortable,79,56,95,30,100,1.4,15.3,10.6,7.3,7.2,2026-10-03T12:01:08.213023Z
2026-10-03,EE,europe,81,ideal,74,66,100,8,86,0.4,15.5,9.9,0,10.9,2026-10-03T12:00:38.418001Z
2026-10-03,EG,africa,77,comfortable,80,97,100,49,100,2.2,27.7,21.9,0.3,20.3,2026-10-03T12:00:46.860934Z
2026-10-03,ER,africa,76,comfortable,74,65,100,50,88,2.2,36.1,30.1,0.1,13.4,2026-10-03T12:00:52.869870Z
2026-10-03,ES,europe,86,ideal,82,89,96,23,96,1.1,22.9,18.8,7.3,9.2,2026-10-03T12:00:31.391248Z
2026-10-03,ET,africa,86,ideal,90,100,95,45,,2,30.6,18.1,0,16,2026-10-03T12:00:52.646686Z
2026-10-03,FI,europe,73,comfortable,59,73,100,9,70,0.5,15.6,10.9,0,15.1,2026-10-03T12:00:37.726629Z
2026-10-03,FJ,oceania,70,comfortable,68,63,100,16,100,0.8,22.6,18.8,0.8,9.2,2026-10-03T12:01:10.053099Z
2026-10-03,FR,europe,89,ideal,80,89,100,23,96,1.1,23.4,15.3,0,11.1,2026-10-03T12:00:31.854106Z
2026-10-03,GA,africa,47,acceptable,54,80,88,27,100,1.3,27.2,22.6,14.7,4.6,2026-10-03T12:00:51.552511Z
2026-10-03,GB,europe,71,comfortable,71,93,100,0,94,0,,,0,0,2026-10-03T12:00:36.801738Z
2026-10-03,GE,cis,74,comfortable,83,82,84,22,88,1.1,17.7,13.1,6.2,16.4,2026-10-03T12:00:41.128336Z
2026-10-03,GH,africa,46,acceptable,49,73,100,42,100,1.9,30.5,24.1,3.8,6.6,2026-10-03T12:00:49.331124Z
2026-10-03,GM,africa,28,hard,34,78,95,47,100,2.1,32.1,24.5,9.8,8.9,2026-10-03T12:00:47.995522Z
2026-10-03,GN,africa,54,acceptable,55,85,100,42,100,1.9,29.6,22.5,0.1,8.1,2026-10-03T12:00:48.217762Z
2026-10-03,GQ,africa,51,acceptable,55,73,88,22,100,1.1,24.4,20.2,14.4,5,2026-10-03T12:00:51.770664Z
2026-10-03,GR,europe,95,ideal,87,96,98,44,100,2,23.6,16.6,0,16.9,2026-10-03T12:00:32.352131Z
2026-10-03,GT,americas,81,ideal,72,71,100,35,100,1.6,23.7,15.7,2.4,12.6,2026-10-03T12:01:03.672846Z
2026-10-03,GW,africa,37,hard,38,73,95,30,100,1.4,29.6,24.5,7.5,10.9,2026-10-03T12:00:48.442885Z
2026-10-03,GY,americas,30,hard,34,73,100,55,100,2.4,33.6,23.3,0.3,11.9,2026-10-03T12:01:08.921995Z
2026-10-03,HN,americas,63,comfortable,56,63,100,45,100,2,29.2,21.3,1.8,8.4,2026-10-03T12:01:04.542582Z
2026-10-03,HR,europe,95,ideal,82,100,100,41,100,1.9,23.7,19,0,12.6,2026-10-03T12:00:32.576414Z
2026-10-03,HU,europe,92,ideal,82,92,100,39,,1.8,23.1,11.2,0,9.6,2026-10-03T12:00:39.760384Z
2026-10-03,ID,asia,40,acceptable,44,67,100,56,100,2.4,29,20.3,0,9.4,2026-10-03T12:00:58.540587Z
2026-10-03,IE,europe,71,comfortable,71,93,100,0,78,0,,,0,0,2026-10-03T12:00:37.039224Z
2026-10-03,IL,middle_east,89,ideal,78,98,100,47,100,2.1,28.5,18.3,0,20.8,2026-10-03T12:00:43.475325Z
2026-10-03,IN,asia,45,acceptable,51,89,94,50,100,2.2,35,24.3,0,13.1,2026-10-03T12:01:00.591426Z
2026-10-03,IQ,middle_east,63,comfortable,66,93,100,42,100,1.9,33.9,24.6,0,12.7,2026-10-03T12:00:45.519861Z
2026-10-03,IR,middle_east,65,comfortable,85,97,90,40,88,1.8,27.5,19.5,0.5,20.3,2026-10-03T12:00:45.958413Z
2026-10-03,IS,europe,47,acceptable,47,66,94,10,100,0.5,10,4.2,0.5,21,2026-10-03T12:00:38.196395Z
2026-10-03,IT,europe,93,ideal,84,100,100,45,100,2,25.7,14.6,0,13.6,2026-10-03T12:00:32.091687Z
2026-10-03,JM,americas,57,acceptable,56,70,100,40,100,1.8,26.8,21.9,3.1,21.8,2026-10-03T12:01:06.046025Z
2026-10-03,JO,middle_east,95,ideal,88,98,100,54,,2.3,24.9,15.3,0,20.6,2026-10-03T12:00:43.692312Z
2026-10-03,JP,asia,94,ideal,86,97,100,46,100,2.1,25.1,17.5,0,15.8,2026-10-03T12:00:56.921719Z
2026-10-03,KE,africa,90,ideal,88,100,100,65,100,2.8,27.2,15,0,18,2026-10-03T12:00:53.559755Z
2026-10-03,KG,cis,93,ideal,76,96,100,41,,1.8,22.8,13,0,8,2026-10-03T12:00:42.544697Z
2026-10-03,KH,asia,26,hard,33,73,100,45,100,2,32.8,24.9,3.4,7.8,2026-10-03T12:00:59.449698Z
2026-10-03,KR,asia,91,ideal,92,67,100,37,100,1.7,21.9,5.7,0,10.5,2026-10-03T12:00:57.166400Z
2026-10-03,KU,middle_east,89,ideal,89,100,100,37,,1.7,28,20,0,16.3,2026-10-03T12:00:45.739484Z
2026-10-03,KW,middle_east,27,hard,27,65,95,50,88,2.2,35.3,30.1,0,17.9,2026-10-03T12:00:45.296566Z
2026-10-03,KZ,cis,84,ideal,72,90,100,36,,1.7,25.1,9.7,0,10.3,2026-10-03T12:00:42.051941Z
2026-10-03,LA,asia,50,acceptable,54,73,100,40,,1.8,27.9,21.6,4.9,6,2026-10-03T12:00:59.672573Z
2026-10-03,LB,middle_east,91,ideal,87,81,100,39,100,1.8,23,18.3,2.7,13.6,2026-10-03T12:00:43.909631Z
2026-10-03,LK,asia,35,hard,38,93,100,55,100,2.4,33.5,22.5,1.8,3.3,2026-10-03T12:01:00.998519Z
2026-10-03,LR,africa,49,acceptable,49,93,100,45,100,2,30.1,22.4,0,10.9,2026-10-03T12:00:48.880097Z
2026-10-03,LS,africa,95,ideal,90,75,100,60,,2.6,17.8,3.9,0.2,14.3,2026-10-03T12:00:56.701491Z
2026-10-03,LT,europe,85,ideal,79,67,100,25,86,1.2,18.9,3.9,0,8.4,2026-10-03T12:00:38.857944Z
2026-10-03,LU,europe,90,ideal,76,78,100,29,,1.4,20.6,10,0,5.8,2026-10-03T12:00:36.574312Z
2026-10-03,LV,europe,83,ideal,77,73,100,16,86,0.8,16.2,9.3,0,8.3,2026-10-03T12:00:38.639027Z
2026-10-03,LY,africa,90,ideal,86,93,100,42,92,1.9,25.3,23.5,0,20,2026-10-03T12:00:47.085129Z
2026-10-03,MA,africa,74,comfortable,77,84,99,45,92,2,25,21,0,13.5,2026-10-03T12:00:46.185800Z
2026-10-03,MD,cis,88,ideal,88,82,100,37,,1.7,20.8,5.4,0,10.9,2026-10-03T12:00:40.681584Z
2026-10-03,ME,europe,95,ideal,76,100,100,44,100,2,21.8,15.1,0,10.4,2026-10-03T12:00:32.797345Z
2026-10-03,MG,africa,84,ideal,85,97,100,55,100,2.4,26.3,15.4,0.1,23.4,2026-10-03T12:00:56.256873Z
2026-10-03,MK,europe,92,ideal,88,77,100,45,,2,21.7,7,0,5.2,2026-10-03T12:00:34.364074Z
2026-10-03,ML,africa,40,acceptable,39,82,95,22,,1.1,33.4,27.8,0.1,19.6,2026-10-03T12:00:50.230210Z
2026-10-03,MM,asia,33,hard,40,55,100,47,100,2.1,33.1,26.2,4.3,7.3,2026-10-03T12:00:59.222575Z
2026-10-03,MN,asia,49,acceptable,53,65,100,37,,1.7,5.8,-2.1,0,18.2,2026-10-03T12:00:57.872000Z
2026-10-03,MR,africa,22,hard,38,63,90,57,100,2.5,28.8,27.6,0,18.7,2026-10-03T12:00:47.314399Z
2026-10-03,MT,europe,93,ideal,74,100,100,40,100,1.8,24.8,21.4,0,10.5,2026-10-03T12:00:33.685091Z
2026-10-03,MW,africa,86,ideal,82,93,100,20,,1,25.6,19.9,0.3,13.7,2026-10-03T12:00:55.790386Z
2026-10-03,MX,americas,82,ideal,81,83,98,46,,2,23.5,15.1,1.6,14.8,2026-10-03T12:01:03.420188Z
2026-10-03,MY,asia,28,hard,35,73,100,45,100,2,31.6,24.7,4,10.7,2026-10-03T12:00:58.761546Z
2026-10-03,MZ,africa,87,ideal,66,85,100,42,100,1.9,25.9,17,0,6.3,2026-10-03T12:00:56.017391Z
2026-10-03,NA,africa,89,ideal,72,97,95,40,70,1.8,25.4,15.9,8,25,2026-10-03T12:00:54.908598Z
2026-10-03,NE,africa,16,extreme,29,77,68,42,,1.9,37.6,28.5,0,18.7,2026-10-03T12:00:50.661266Z
2026-10-03,NG,africa,41,acceptable,45,80,100,45,100,2,29,22.5,0.7,15.9,2026-10-03T12:00:50.001123Z
2026-10-03,NI,americas,43,acceptable,47,56,95,42,100,1.9,30.5,24.1,11.9,8,2026-10-03T12:01:04.817630Z
2026-10-03,NL,europe,89,ideal,76,86,100,25,94,1.2,19.5,12.2,0,12.9,2026-10-03T12:00:36.085298Z
2026-10-03,NO,europe,71,comfortable,60,76,94,10,70,0.5,13.6,9.4,0,13.8,2026-10-03T12:00:37.261223Z
2026-10-03,NP,asia,70,comfortable,78,73,100,37,,1.7,24.5,17.3,0.3,11.2,2026-10-03T12:01:01.234816Z
2026-10-03,NZ,oceania,79,comfortable,83,66,99,33,86,1.5,15.6,8.2,3.8,19.8,2026-10-03T12:01:09.592410Z
2026-10-03,OM,middle_east,28,hard,31,70,95,52,88,2.3,30.8,29.3,0,10.6,2026-10-03T12:00:44.351427Z
2026-10-03,PA,americas,28,hard,35,63,100,25,100,1.2,26.5,21.7,2.3,9.1,2026-10-03T12:01:05.302651Z
2026-10-03,PE,americas,83,ideal,88,81,100,62,100,2.7,24.8,18.5,0,13.1,2026-10-03T12:01:07.733419Z
2026-10-03,PG,oceania,72,comfortable,66,63,100,37,100,1.7,19.6,12.9,0,13.5,2026-10-03T12:01:09.818953Z
2026-10-03,PH,asia,32,hard,38,73,95,47,100,2.1,32.2,25.6,6,8,2026-10-03T12:00:58.988893Z
2026-10-03,PK,asia,53,acceptable,59,100,100,47,100,2.1,32.5,21.8,0,11.9,2026-10-03T12:01:02.107856Z
2026-10-03,PL,europe,88,ideal,81,69,100,28,,1.3,21.8,6.7,0,5.9,2026-10-03T12:00:39.081750Z
2026-10-03,PT,europe,88,ideal,87,88,100,36,78,1.7,25.6,18.9,0,7.6,2026-10-03T12:00:31.630830Z
2026-10-03,PY,americas,57,acceptable,54,77,100,47,,2.1,33.6,21.1,4.1,20.6,2026-10-03T12:01:07.503980Z
2026-10-03,QA,middle_east,14,extreme,24,65,83,55,88,2.4,38.3,30.2,0,15.3,2026-10-03T12:00:44.808962Z
2026-10-03,RO,europe,90,ideal,86,84,100,39,92,1.8,20.3,7.3,0,7.7,2026-10-03T12:00:39.982115Z
2026-10-03,RS,europe,92,ideal,86,79,100,40,,1.8,23.3,6.7,0,14.6,2026-10-03T12:00:34.586119Z
2026-10-03,RU,cis,67,comfortable,67,86,100,34,94,1.5,16.9,9.6,0,8.4,2026-10-03T12:00:41.788750Z
2026-10-03,RW,africa,87,ideal,89,97,100,42,,1.9,29.2,19.4,1.2,22.4,2026-10-03T12:00:54.006208Z
2026-10-03,SA,middle_east,43,acceptable,71,77,68,60,88,2.6,38.7,27.1,0,16.8,2026-10-03T12:00:44.579199Z
2026-10-03,SD,africa,29,hard,32,82,88,57,88,2.5,40.5,29.7,0.2,14.2,2026-10-03T12:00:47.537256Z
2026-10-03,SE,europe,81,ideal,67,79,100,22,86,1.1,16.3,10.4,0,10.1,2026-10-03T12:00:37.499911Z
2026-10-03,SG,asia,19,extreme,34,81,100,57,100,2.5,32.7,26,0,11.7,2026-10-03T12:00:59.902829Z
2026-10-03,SI,europe,91,ideal,77,92,100,40,100,1.8,24.2,10.1,0,9.1,2026-10-03T12:00:33.909643Z
2026-10-03,SK,europe,91,ideal,80,71,100,35,,1.6,22.7,6.1,0,12.2,2026-10-03T12:00:39.538314Z
2026-10-03,SL,africa,47,acceptable,45,85,100,42,100,1.9,29.9,22.7,1.5,11,2026-10-03T12:00:48.662268Z
2026-10-03,SN,africa,24,hard,34,78,95,45,100,2,32.4,25,6,7.6,2026-10-03T12:00:47.769908Z
2026-10-03,SO,africa,47,acceptable,48,93,95,55,100,2.4,33.8,24.7,5.3,17.8,2026-10-03T12:00:53.333518Z
2026-10-03,SR,americas,26,hard,28,80,100,57,100,2.5,35.2,22.7,0,10.2,2026-10-03T12:01:09.144766Z
2026-10-03,SV,americas,55,acceptable,52,63,100,30,100,1.4,26.2,22,2.8,10.5,2026-10-03T12:01:04.283520Z
2026-10-03,SZ,africa,92,ideal,77,85,100,62,,2.7,25.6,12.5,0,8.3,2026-10-03T12:00:56.482135Z
2026-10-03,TD,africa,30,hard,36,57,68,62,,2.7,41.3,30.9,0,24.5,2026-10-03T12:00:50.880090Z
2026-10-03,TG,africa,38,hard,46,80,100,42,100,1.9,29.2,22,4,9.1,2026-10-03T12:00:49.553711Z
2026-10-03,TH,asia,25,hard,36,68,95,49,100,2.2,31,24.8,8.4,8.2,2026-10-03T12:00:58.087951Z
2026-10-03,TJ,cis,86,ideal,84,95,100,45,,2,30.8,16.1,0,5.3,2026-10-03T12:00:42.786953Z
2026-10-03,TL,asia,66,comfortable,60,70,100,67,100,2.9,27.1,26.4,0.1,10.7,2026-10-03T12:01:00.361407Z
2026-10-03,TM,cis,74,comfortable,85,100,100,42,,1.9,31.4,21.9,0,13.8,2026-10-03T12:00:43.016002Z
2026-10-03,TN,africa,89,ideal,77,97,100,46,100,2,29.2,22.7,0,17.5,2026-10-03T12:00:46.418076Z
2026-10-03,TR,middle_east,86,ideal,88,98,99,32,100,1.4,22.9,17.3,0,24.5,2026-10-03T12:00:43.248130Z
2026-10-03,TT,americas,33,hard,41,81,90,42,100,1.9,29.4,24.5,5.6,12.2,2026-10-03T12:01:06.277136Z
2026-10-03,TW,asia,45,acceptable,54,81,100,35,100,1.6,29.4,24.9,0,17.4,2026-10-03T12:00:57.660365Z
2026-10-03,TZ,africa,84,ideal,77,97,100,70,100,3,31,17.2,0,24.3,2026-10-03T12:00:54.448861Z
2026-10-03,UA,cis,84,ideal,85,82,100,34,94,1.6,20.1,7.9,0,12.1,2026-10-03T12:00:40.451761Z
2026-10-03,UG,africa,62,comfortable,62,85,100,62,,2.7,28.8,19.5,0.6,11.4,2026-10-03T12:00:53.782836Z
2026-10-03,US,americas,91,ideal,85,85,100,40,94,1.8,25.7,12.9,0.4,15.3,2026-10-03T12:01:02.698244Z
2026-10-03,UY,americas,74,comfortable,82,81,88,10,70,0.5,12.8,9.4,22.2,16.6,2026-10-03T12:01:07.282672Z
2026-10-03,UZ,cis,86,ideal,84,91,100,36,,1.7,26.7,12.8,0,7.6,2026-10-03T12:00:42.279681Z
2026-10-03,VE,americas,49,acceptable,47,73,100,55,100,2.4,31.7,22.8,2.2,7.8,2026-10-03T12:01:08.690746Z
2026-10-03,VN,asia,31,hard,48,72,100,62,100,2.7,30.6,26.9,0.1,11.2,2026-10-03T12:00:58.314016Z
2026-10-03,XK,europe,88,ideal,87,82,100,42,,1.9,20.1,6.5,0,15.3,2026-10-03T12:00:34.807566Z
2026-10-03,XN,europe,94,ideal,84,96,100,42,100,1.9,24.4,19.9,0.8,9.7,2026-10-03T12:00:33.468057Z
2026-10-03,ZA,africa,95,ideal,85,93,88,27,70,1.3,19.4,14.5,18.7,18.4,2026-10-03T12:00:54.674890Z
2026-10-03,ZM,africa,88,ideal,66,93,100,65,,2.8,28.5,14.6,0,12.6,2026-10-03T12:00:55.566115Z
2026-10-03,ZW,africa,97,ideal,84,86,100,57,,2.5,21.8,10,0,12.4,2026-10-03T12:00:55.346117Z
2026-10-04,AD,europe,76,comfortable,54,73,100,20,,1,13.2,8.5,2.3,9.2,2026-10-04T12:00:44.123057Z
2026-10-04,AE,middle_east,13,extreme,24,68,96,53,88,2.3,35.3,30.4,0,16.5,2026-10-04T12:00:53.783444Z
2026-10-04,AL,europe,93,ideal,85,93,100,44,100,2,25.3,13.3,0,14.6,2026-10-04T12:00:41.977882Z
2026-10-04,AM,cis,83,ideal,85,80,100,46,,2,15.2,6.6,0,11.6,2026-10-04T12:00:51.007521Z
2026-10-04,AO,africa,65,comfortable,65,93,100,47,100,2.1,26.4,22.4,0,14.9,2026-10-04T12:01:03.276882Z
2026-10-04,AR,americas,92,ideal,79,87,100,54,86,2.4,20.7,11.2,0,13,2026-10-04T12:01:17.811162Z
2026-10-04,AT,europe,91,ideal,74,80,100,34,,1.6,21.8,7.9,0,6,2026-10-04T12:00:44.774694Z
2026-10-04,AU,oceania,91,ideal,85,77,100,55,100,2.4,22.4,13.7,0,14.9,2026-10-04T12:01:21.173872Z
2026-10-04,AZ,cis,83,ideal,86,86,94,18,,0.9,15.7,12,0.4,29.2,2026-10-04T12:00:51.242386Z
2026-10-04,BA,europe,83,ideal,75,92,100,41,100,1.9,23.1,11.8,0,10.8,2026-10-04T12:00:43.208437Z
2026-10-04,BD,asia,14,extreme,35,75,100,37,100,1.7,32.9,26.9,0.2,5.7,2026-10-04T12:01:13.538408Z
2026-10-04,BE,europe,87,ideal,74,78,100,29,94,1.3,20.8,9.6,0,7.2,2026-10-04T12:00:45.534851Z
2026-10-04,BF,africa,30,hard,33,78,90,42,,1.9,31.8,24.4,9.1,9.2,2026-10-04T12:01:00.801211Z
2026-10-04,BG,europe,90,ideal,89,85,100,42,100,1.9,20.7,8.8,0,7.1,2026-10-04T12:00:49.853494Z
2026-10-04,BH,middle_east,16,extreme,21,82,83,55,88,2.4,37.7,29.5,0,14.9,2026-10-04T12:00:54.726687Z
2026-10-04,BI,africa,88,ideal,84,97,100,45,,2,27.1,17.2,0,21.6,2026-10-04T12:01:05.550977Z
2026-10-04,BJ,africa,39,hard,44,78,88,45,100,2,30.6,23.7,12.6,11.8,2026-10-04T12:01:00.067591Z
2026-10-04,BN,asia,30,hard,35,66,100,55,88,2.4,32.3,25.5,1.8,12.6,2026-10-04T12:01:12.196997Z
2026-10-04,BO,americas,78,comfortable,73,74,95,72,,3.1,17.4,2.8,0,23.8,2026-10-04T12:01:19.577588Z
2026-10-04,BR,americas,64,comfortable,53,76,90,39,100,1.8,25.3,18.9,15.5,25.6,2026-10-04T12:01:18.054990Z
2026-10-04,BT,asia,82,ideal,83,56,95,14,,0.7,13.4,8.6,9.3,4.3,2026-10-04T12:01:14.024129Z
2026-10-04,BW,africa,92,ideal,69,97,100,40,,1.8,27.3,14.8,0,23.2,2026-10-04T12:01:06.532211Z
2026-10-04,BY,cis,78,comfortable,78,67,100,16,,0.8,18,5.9,0,8.7,2026-10-04T12:00:50.543652Z
2026-10-04,BZ,americas,28,hard,32,56,95,25,100,1.2,29.1,25.4,6.8,8.3,2026-10-04T12:01:15.370210Z
2026-10-04,CA,americas,82,ideal,70,79,100,26,70,1.3,19.5,11.8,0.6,19.9,2026-10-04T12:01:14.619033Z
2026-10-04,CD,africa,52,acceptable,49,86,100,37,,1.7,31.1,23.3,2.1,10.3,2026-10-04T12:01:02.971630Z
2026-10-04,CG,africa,52,acceptable,54,93,100,35,100,1.6,31.1,24.5,1.3,12.7,2026-10-04T12:01:02.742883Z
2026-10-04,CH,europe,89,ideal,72,86,100,23,,1.1,21.5,13.4,0,4.3,2026-10-04T12:00:45.000161Z
2026-10-04,CI,africa,50,acceptable,48,74,100,10,100,0.5,25.9,23.5,4,10.5,2026-10-04T12:00:59.288033Z
2026-10-04,CL,americas,89,ideal,87,45,100,50,86,2.2,18,5.7,0,10.6,2026-10-04T12:01:18.391801Z
2026-10-04,CM,africa,55,acceptable,55,85,88,52,100,2.3,27.4,20.1,17.4,10.1,2026-10-04T12:01:01.846371Z
2026-10-04,CN,asia,83,ideal,86,100,100,40,100,1.8,21,13.9,0,17.7,2026-10-04T12:01:09.125468Z
2026-10-04,CO,americas,68,comfortable,60,81,100,45,100,2,20.5,9.7,0.1,10.9,2026-10-04T12:01:20.078772Z
2026-10-04,CR,americas,72,comfortable,68,100,95,42,100,1.9,20.2,14.8,9.9,9.8,2026-10-04T12:01:16.324866Z
2026-10-04,CU,americas,33,hard,37,56,100,50,100,2.2,32.3,24.6,0.4,11,2026-10-04T12:01:16.806519Z
2026-10-04,CV,africa,29,hard,53,70,90,55,100,2.4,28.8,27,0,17.3,2026-10-04T12:01:01.548912Z
2026-10-04,CY,europe,93,ideal,84,93,99,43,100,1.9,24.6,18.6,3.2,13.7,2026-10-04T12:00:42.207306Z
2026-10-04,CZ,europe,89,ideal,76,80,100,29,,1.4,20.3,7.6,0,6.3,2026-10-04T12:00:48.925212Z
2026-10-04,DE,europe,88,ideal,76,78,100,27,,1.3,20.5,10.4,0,8.2,2026-10-04T12:00:44.420631Z
2026-10-04,DJ,africa,34,hard,35,74,100,55,88,2.4,30.6,29.3,3.2,21,2026-10-04T12:01:04.119750Z
2026-10-04,DK,europe,79,comfortable,70,80,100,21,86,1,15.2,9.9,0,15.1,2026-10-04T12:00:47.453254Z
2026-10-04,DO,americas,43,acceptable,42,63,95,47,100,2.1,29.4,21.4,5.4,8.7,2026-10-04T12:01:17.043501Z
2026-10-04,DZ,africa,88,ideal,83,95,100,37,100,1.7,27,19.5,0.7,14.1,2026-10-04T12:00:56.603183Z
2026-10-04,EC,americas,87,ideal,81,74,95,60,100,2.6,19.6,10.1,10.7,9.3,2026-10-04T12:01:19.824134Z
2026-10-04,EE,europe,76,comfortable,72,73,100,10,74,0.5,15,10.1,1.3,16.9,2026-10-04T12:00:47.955167Z
2026-10-04,EG,africa,83,ideal,77,89,98,46,100,2,27.2,21.9,0.8,15,2026-10-04T12:00:56.843746Z
2026-10-04,ER,africa,75,comfortable,75,82,100,52,88,2.3,36.7,29.6,0.4,17.3,2026-10-04T12:01:03.771628Z
2026-10-04,ES,europe,89,ideal,83,85,94,23,100,1.1,23.4,18.4,0,9.6,2026-10-04T12:00:40.264309Z
2026-10-04,ET,africa,85,ideal,91,100,100,37,,1.7,29.5,18.5,0,16.8,2026-10-04T12:01:03.537145Z
2026-10-04,FI,europe,71,comfortable,51,59,99,10,70,0.5,13.6,7.8,3.5,17.4,2026-10-04T12:00:47.159875Z
2026-10-04,FJ,oceania,68,comfortable,64,63,100,37,100,1.7,26.1,18.5,0,10.5,2026-10-04T12:01:21.913982Z
2026-10-04,FR,europe,90,ideal,76,98,100,35,96,1.6,24.8,16.2,0,12.5,2026-10-04T12:00:40.738656Z
2026-10-04,GA,africa,48,acceptable,52,85,95,37,100,1.7,28.4,22,9.2,4.8,2026-10-04T12:01:02.122572Z
2026-10-04,GB,europe,71,comfortable,71,93,100,0,94,0,,,0,0,2026-10-04T12:00:46.052992Z
2026-10-04,GE,cis,87,ideal,88,92,100,34,96,1.6,18.1,13.1,0.2,19.6,2026-10-04T12:00:50.777970Z
2026-10-04,GH,africa,47,acceptable,45,66,88,27,100,1.3,29.1,24.2,19.5,8.4,2026-10-04T12:00:59.536568Z
2026-10-04,GM,africa,32,hard,37,73,88,32,100,1.5,29.6,24.6,17.2,12.7,2026-10-04T12:00:58.041155Z
2026-10-04,GN,africa,48,acceptable,54,85,88,45,100,2,29.8,22.7,14.7,8.8,2026-10-04T12:00:58.305439Z
2026-10-04,GQ,africa,48,acceptable,52,80,88,35,100,1.6,25.6,19.6,18.7,6.5,2026-10-04T12:01:02.449427Z
2026-10-04,GR,europe,96,ideal,90,98,100,45,100,2,23.5,15,0,18.2,2026-10-04T12:00:41.297808Z
2026-10-04,GT,americas,83,ideal,72,71,100,32,100,1.5,24.4,17.5,0.3,11.6,2026-10-04T12:01:15.115184Z
2026-10-04,GW,africa,39,hard,38,66,88,20,100,1,27.7,24.7,20.1,12.6,2026-10-04T12:00:58.547680Z
2026-10-04,GY,americas,23,hard,35,73,100,57,100,2.5,34.2,24.3,0.1,10,2026-10-04T12:01:20.560829Z
2026-10-04,HN,americas,58,acceptable,57,63,100,42,100,1.9,28.8,20.7,1,9.6,2026-10-04T12:01:15.855591Z
2026-10-04,HR,europe,93,ideal,76,100,100,40,100,1.8,22.8,18.8,0,11.8,2026-10-04T12:00:41.518898Z
2026-10-04,HU,europe,89,ideal,81,86,100,38,,1.7,23.3,9.3,0,8.7,2026-10-04T12:00:49.392760Z
2026-10-04,ID,asia,39,hard,43,71,100,55,100,2.4,29.1,20,0,12.4,2026-10-04T12:01:10.455703Z
2026-10-04,IE,europe,71,comfortable,71,93,100,0,82,0,,,0,0,2026-10-04T12:00:46.290517Z
2026-10-04,IL,middle_east,84,ideal,75,97,98,49,100,2.2,28.3,19.5,0,25.9,2026-10-04T12:00:53.099892Z
2026-10-04,IN,asia,51,acceptable,52,91,100,54,100,2.4,35.9,23.8,0,15.6,2026-10-04T12:01:12.647022Z
2026-10-04,IQ,middle_east,73,comfortable,59,93,100,37,88,1.7,32.4,23.2,0,12.1,2026-10-04T12:00:55.290138Z
2026-10-04,IR,middle_east,86,ideal,88,95,100,50,88,2.2,24,14.3,0,16,2026-10-04T12:00:55.840363Z
2026-10-04,IS,europe,55,acceptable,48,61,88,7,100,0.3,8.8,6,1.1,32.8,2026-10-04T12:00:47.708529Z
2026-10-04,IT,europe,93,ideal,81,91,100,42,100,1.9,24.9,13.7,0,10.5,2026-10-04T12:00:41.015397Z
2026-10-04,JM,americas,54,acceptable,56,63,100,50,100,2.2,29.5,21,3.4,16.1,2026-10-04T12:01:17.328593Z
2026-10-04,JO,middle_east,90,ideal,84,99,99,53,,2.3,24.8,15.4,0,19.6,2026-10-04T12:00:53.329404Z
2026-10-04,JP,asia,86,ideal,86,82,99,19,100,0.9,20.8,15.4,0,11.7,2026-10-04T12:01:08.616006Z
2026-10-04,KE,africa,91,ideal,87,100,100,60,100,2.6,26.3,15.3,0.1,17.3,2026-10-04T12:01:04.815096Z
2026-10-04,KG,cis,89,ideal,79,91,100,42,,1.9,22.2,13.3,0.1,17.3,2026-10-04T12:00:52.174572Z
2026-10-04,KH,asia,27,hard,33,74,95,42,100,1.9,32.7,25.8,8.2,6.9,2026-10-04T12:01:11.482807Z
2026-10-04,KR,asia,93,ideal,91,73,100,37,100,1.7,23.8,13.1,2,15.8,2026-10-04T12:01:08.891511Z
2026-10-04,KU,middle_east,95,ideal,88,100,100,47,,2.1,28.5,17.4,0,10.2,2026-10-04T12:00:55.579833Z
2026-10-04,KW,middle_east,30,hard,30,65,95,50,88,2.2,36.5,30.1,0,14.1,2026-10-04T12:00:55.016230Z
2026-10-04,KZ,cis,78,comfortable,72,86,94,20,,1,23.5,8.8,1.2,17.3,2026-10-04T12:00:51.718840Z
2026-10-04,LA,asia,40,acceptable,58,80,100,45,,2,28.6,20.8,4.1,7.2,2026-10-04T12:01:11.709772Z
2026-10-04,LB,middle_east,94,ideal,88,97,100,38,100,1.7,25.9,19.3,0,14.3,2026-10-04T12:00:53.552752Z
2026-10-04,LK,asia,33,hard,38,80,95,52,100,2.3,32.2,22.8,8.6,9.2,2026-10-04T12:01:13.057451Z
2026-10-04,LR,africa,44,acceptable,48,93,100,50,100,2.2,30,22.6,1.2,8,2026-10-04T12:00:59.050013Z
2026-10-04,LS,africa,93,ideal,90,67,95,37,,1.7,14.7,5.2,7.4,12.6,2026-10-04T12:01:08.383950Z
2026-10-04,LT,europe,79,comfortable,76,78,100,12,86,0.6,15.5,9.5,0,9.4,2026-10-04T12:00:48.448641Z
2026-10-04,LU,europe,89,ideal,77,78,100,26,,1.3,20.8,10.5,0,5.4,2026-10-04T12:00:45.790384Z
2026-10-04,LV,europe,79,comfortable,75,78,100,16,86,0.8,15.8,9.6,0,11.3,2026-10-04T12:00:48.186583Z
2026-10-04,LY,africa,90,ideal,85,100,100,45,92,2,25.8,21.9,0,15.8,2026-10-04T12:00:57.091186Z
2026-10-04,MA,africa,69,comfortable,78,97,100,36,92,1.6,31,22.4,0.1,12,2026-10-04T12:00:56.117161Z
2026-10-04,MD,cis,92,ideal,88,77,100,38,,1.7,22.7,5.9,0,5.6,2026-10-04T12:00:50.317525Z
2026-10-04,ME,europe,95,ideal,67,94,100,42,100,1.9,21.3,15.5,0,11.1,2026-10-04T12:00:41.743398Z
2026-10-04,MG,africa,82,ideal,82,97,100,57,100,2.5,27.6,15.5,2.2,23.2,2026-10-04T12:01:07.831045Z
2026-10-04,MK,europe,94,ideal,89,80,100,44,,2,22.2,6.6,0,3.3,2026-10-04T12:00:43.427274Z
2026-10-04,ML,africa,28,hard,36,73,71,45,,2,37.8,28.8,0,31.8,2026-10-04T12:01:00.552971Z
2026-10-04,MM,asia,33,hard,41,62,100,47,100,2.1,33.9,26.6,1.8,8,2026-10-04T12:01:11.252280Z
2026-10-04,MN,asia,50,acceptable,54,30,100,37,,1.7,9.5,-6.2,0,17,2026-10-04T12:01:09.723908Z
2026-10-04,MR,africa,28,hard,39,70,83,52,100,2.3,29.2,26.2,17.6,17.8,2026-10-04T12:00:57.337824Z
2026-10-04,MT,europe,97,ideal,73,100,100,42,100,1.9,25.7,21,0,11.3,2026-10-04T12:00:42.691069Z
2026-10-04,MW,africa,92,ideal,84,93,100,52,,2.3,30.2,20,0,14.7,2026-10-04T12:01:07.333068Z
2026-10-04,MX,americas,81,ideal,81,81,94,36,,1.6,22.1,15.2,0.8,15.1,2026-10-04T12:01:14.871108Z
2026-10-04,MY,asia,28,hard,35,73,100,47,100,2.1,32.2,24.9,1.5,11.7,2026-10-04T12:01:10.713135Z
2026-10-04,MZ,africa,81,ideal,64,85,100,37,100,1.7,27.1,19,0,6.9,2026-10-04T12:01:07.582801Z
2026-10-04,NA,africa,91,ideal,70,90,100,50,86,2.2,23.8,14.4,2.7,21.3,2026-10-04T12:01:06.308252Z
2026-10-04,NE,africa,17,extreme,30,85,68,50,,2.2,38.7,24.6,0,20.6,2026-10-04T12:01:01.028246Z
2026-10-04,NG,africa,39,hard,43,85,100,45,100,2,29.1,22.5,2.4,15.1,2026-10-04T12:01:00.313336Z
2026-10-04,NI,americas,45,acceptable,52,63,100,50,100,2.2,30.8,22.8,2.4,9.6,2026-10-04T12:01:16.090863Z
2026-10-04,NL,europe,89,ideal,75,85,100,23,94,1.1,18.5,13.4,0.2,13.5,2026-10-04T12:00:45.266049Z
2026-10-04,NO,europe,63,comfortable,55,67,82,9,70,0.5,12.7,8.5,0.7,20.5,2026-10-04T12:00:46.552077Z
2026-10-04,NP,asia,69,comfortable,78,80,100,32,,1.5,24.2,16.5,2.9,8.7,2026-10-04T12:01:13.279215Z
2026-10-04,NZ,oceania,84,ideal,81,67,100,47,86,2.1,13.8,8.1,0,18.4,2026-10-04T12:01:21.402007Z
2026-10-04,OM,middle_east,27,hard,32,82,100,55,88,2.4,32.7,29.6,0,9.5,2026-10-04T12:00:54.033280Z
2026-10-04,PA,americas,36,hard,36,81,100,35,100,1.6,28.1,20.9,0,6.8,2026-10-04T12:01:16.566539Z
2026-10-04,PE,americas,87,ideal,88,81,100,67,100,2.9,27.5,18.8,0,12.4,2026-10-04T12:01:19.289074Z
2026-10-04,PG,oceania,65,comfortable,63,63,95,35,100,1.6,20,12,9.7,9.9,2026-10-04T12:01:21.677313Z
2026-10-04,PH,asia,33,hard,37,73,100,52,100,2.3,33.4,25.5,3.7,8.4,2026-10-04T12:01:10.980362Z
2026-10-04,PK,asia,52,acceptable,64,93,100,45,100,2,31.9,22.9,0,6.9,2026-10-04T12:01:13.787839Z
2026-10-04,PL,europe,88,ideal,78,71,100,28,,1.3,19.9,6.7,0,11.2,2026-10-04T12:00:48.689586Z
2026-10-04,PT,europe,88,ideal,88,91,100,38,92,1.8,26.4,18.1,0,8.9,2026-10-04T12:00:40.502191Z
2026-10-04,PY,americas,77,comfortable,55,73,66,25,,1.2,28.1,21.1,40,15.7,2026-10-04T12:01:18.890944Z
2026-10-04,QA,middle_east,11,extreme,25,82,83,57,88,2.5,39.9,26.8,0,13.2,2026-10-04T12:00:54.493265Z
2026-10-04,RO,europe,89,ideal,87,78,100,39,100,1.8,21.9,7,0,7,2026-10-04T12:00:49.620147Z
2026-10-04,RS,europe,88,ideal,83,75,100,42,,1.9,24.2,5.3,0,12.1,2026-10-04T12:00:43.651661Z
2026-10-04,RU,cis,70,comfortable,69,72,99,24,100,1.1,16.4,9,0,9.7,2026-10-04T12:00:51.464890Z
2026-10-04,RW,africa,89,ideal,89,100,100,45,,2,28.1,18.4,0.3,19.8,2026-10-04T12:01:05.289654Z
2026-10-04,SA,middle_east,40,acceptable,68,88,68,57,88,2.5,38.1,26,0,15.5,2026-10-04T12:00:54.264968Z
2026-10-04,SD,africa,29,hard,32,77,68,62,88,2.7,42.6,29.7,0,16.5,2026-10-04T12:00:57.565893Z
2026-10-04,SE,europe,77,comfortable,64,86,100,17,86,0.9,14.9,11,0,14.1,2026-10-04T12:00:46.809387Z
2026-10-04,SG,asia,28,hard,35,70,100,57,100,2.5,32.7,26.6,0,10.5,2026-10-04T12:01:11.964361Z
2026-10-04,SI,europe,91,ideal,73,80,100,37,100,1.7,22.7,9.5,0,8.4,2026-10-04T12:00:42.948970Z
2026-10-04,SK,europe,91,ideal,78,72,100,35,,1.6,22.7,5.4,0,10.4,2026-10-04T12:00:49.167189Z
2026-10-04,SL,africa,38,hard,43,86,100,47,100,2.1,30.6,23.9,0.9,15.5,2026-10-04T12:00:58.816482Z
2026-10-04,SN,africa,30,hard,36,73,78,32,100,1.5,30.4,24.7,30.3,10.6,2026-10-04T12:00:57.808878Z
2026-10-04,SO,africa,47,acceptable,50,93,95,52,100,2.3,32.6,24.8,7.7,18.8,2026-10-04T12:01:04.368791Z
2026-10-04,SR,americas,24,hard,29,66,95,50,100,2.2,33.2,24,5.7,7.8,2026-10-04T12:01:20.953874Z
2026-10-04,SV,americas,53,acceptable,48,63,100,30,100,1.4,26.9,21.7,2.5,9.8,2026-10-04T12:01:15.605448Z
2026-10-04,SZ,africa,97,ideal,67,100,100,57,,2.5,25.6,15.9,0.2,18.4,2026-10-04T12:01:08.059441Z
2026-10-04,TD,africa,28,hard,35,62,68,60,,2.6,38.8,30.9,0.1,21.6,2026-10-04T12:01:01.264859Z
2026-10-04,TG,africa,42,acceptable,45,85,100,40,100,1.8,28.9,22.5,2.7,13.1,2026-10-04T12:00:59.775520Z
2026-10-04,TH,asia,26,hard,37,67,97,43,100,1.9,30,25.5,6.1,14,2026-10-04T12:01:09.970331Z
2026-10-04,TJ,cis,79,comfortable,85,95,100,42,,1.9,32.3,15.6,0,8.8,2026-10-04T12:00:52.395503Z
2026-10-04,TL,asia,70,comfortable,55,70,100,67,100,2.9,27,26.3,0.3,15.2,2026-10-04T12:01:12.423614Z
2026-10-04,TM,cis,84,ideal,89,100,100,6,,0.3,21.3,14.4,1,18.4,2026-10-04T12:00:52.629091Z
2026-10-04,TN,africa,89,ideal,76,99,100,44,100,1.9,28.1,22.3,0,18,2026-10-04T12:00:56.374461Z
2026-10-04,TR,middle_east,92,ideal,90,93,100,43,100,1.9,22.2,13.8,0,16.8,2026-10-04T12:00:52.860091Z
2026-10-04,TT,americas,35,hard,40,66,90,30,100,1.4,27.4,24.2,7,10.8,2026-10-04T12:01:17.564818Z
2026-10-04,TW,asia,37,hard,55,73,100,40,100,1.8,33.3,22.8,0.9,9.3,2026-10-04T12:01:09.450679Z
2026-10-04,TZ,africa,81,ideal,76,97,95,70,100,3,31.1,17,0,26.6,2026-10-04T12:01:05.801590Z
2026-10-04,UA,cis,88,ideal,87,71,100,33,94,1.5,21.1,6.7,0,7.6,2026-10-04T12:00:50.088401Z
2026-10-04,UG,africa,62,comfortable,64,93,100,62,,2.7,30.1,20.1,0.1,14.7,2026-10-04T12:01:05.045908Z
2026-10-04,US,americas,90,ideal,86,63,100,36,94,1.6,25.9,10.5,0,18.2,2026-10-04T12:01:14.264152Z
2026-10-04,UY,americas,98,ideal,87,66,100,60,70,2.6,21,10.4,0,15,2026-10-04T12:01:18.671884Z
2026-10-04,UZ,cis,82,ideal,87,68,98,25,,1.2,23.9,10.1,2.1,20.6,2026-10-04T12:00:51.937081Z
2026-10-04,VE,americas,48,acceptable,47,73,100,55,100,2.4,31.5,22.6,2.5,10.1,2026-10-04T12:01:20.321145Z
2026-10-04,VN,asia,34,hard,51,72,94,35,100,1.6,29.4,24.6,22.5,10.5,2026-10-04T12:01:10.203405Z
2026-10-04,XK,europe,89,ideal,87,77,100,42,,1.9,21.7,5.6,0,8.5,2026-10-04T12:00:43.892684Z
2026-10-04,XN,europe,92,ideal,79,93,98,38,100,1.7,24.7,20.2,3.2,14.5,2026-10-04T12:00:42.436096Z
2026-10-04,ZA,africa,92,ideal,84,83,95,42,86,1.9,22.8,11.9,5.6,20.7,2026-10-04T12:01:06.041518Z
2026-10-04,ZM,africa,79,comfortable,69,93,100,62,,2.7,31.2,15.4,1.9,13.8,2026-10-04T12:01:07.092856Z
2026-10-04,ZW,africa,95,ideal,85,93,100,60,,2.6,24.3,12.4,0,17.9,2026-10-04T12:01:06.804030Z
2026-10-05,AD,europe,85,ideal,71,78,100,35,,1.6,15.6,8.2,0,9,2026-10-05T12:00:38.735839Z
2026-10-05,AE,middle_east,23,hard,23,57,100,47,88,2.1,34.5,31.6,0,13.1,2026-10-05T12:00:48.411824Z
2026-10-05,AL,europe,93,ideal,83,93,100,44,100,2,25,13.4,0,12.3,2026-10-05T12:00:36.583973Z
2026-10-05,AM,cis,86,ideal,86,77,100,39,,1.8,17,6.7,0.2,9.9,2026-10-05T12:00:45.551631Z
2026-10-05,AO,africa,70,comfortable,64,93,100,60,100,2.6,27.7,22.2,0,18.4,2026-10-05T12:00:57.318127Z
2026-10-05,AR,americas,93,ideal,78,94,100,50,86,2.2,20.1,13.7,0,15.1,2026-10-05T12:01:12.033318Z
2026-10-05,AT,europe,89,ideal,74,84,100,27,,1.3,20.7,9.7,0,7.1,2026-10-05T12:00:39.263096Z
2026-10-05,AU,oceania,91,ideal,85,76,100,47,94,2.1,20.1,13.1,0,14.5,2026-10-05T12:01:14.868668Z
2026-10-05,AZ,cis,90,ideal,89,75,100,18,,0.9,17.9,11.8,0.1,11.5,2026-10-05T12:00:45.772633Z
2026-10-05,BA,europe,82,ideal,78,88,100,40,100,1.8,23.5,12.4,0,11.2,2026-10-05T12:00:37.850171Z
2026-10-05,BD,asia,14,extreme,36,81,100,40,100,1.8,32.5,25.6,0.2,5.6,2026-10-05T12:01:07.808075Z
2026-10-05,BE,europe,90,ideal,75,78,100,30,94,1.4,21,9.7,0,13.8,2026-10-05T12:00:39.997406Z
2026-10-05,BF,africa,32,hard,33,86,100,45,,2,32.7,24.4,0.3,8.7,2026-10-05T12:00:55.236122Z
2026-10-05,BG,europe,93,ideal,84,87,100,40,100,1.8,21.7,8.7,0,10.4,2026-10-05T12:00:44.353956Z
2026-10-05,BH,middle_east,23,hard,23,79,78,55,88,2.4,37.8,29.7,0,20.3,2026-10-05T12:00:49.357156Z
2026-10-05,BI,africa,84,ideal,84,100,100,72,,3.1,29.2,18.3,0,18.7,2026-10-05T12:00:59.134050Z
2026-10-05,BJ,africa,39,hard,43,78,95,37,100,1.7,31.2,24,7.6,10.5,2026-10-05T12:00:54.472705Z
2026-10-05,BN,asia,30,hard,35,66,100,52,88,2.3,31,25.5,5,8.6,2026-10-05T12:01:06.440482Z
2026-10-05,BO,americas,75,comfortable,70,68,81,78,,3.4,19.3,3.6,0,30.1,2026-10-05T12:01:13.464898Z
2026-10-05,BR,americas,61,comfortable,51,93,100,32,100,1.5,21.7,17.7,1.1,17.6,2026-10-05T12:01:12.257356Z
2026-10-05,BT,asia,82,ideal,85,45,100,16,,0.8,11.3,7,4.3,5.1,2026-10-05T12:01:08.274927Z
2026-10-05,BW,africa,89,ideal,67,76,66,40,,1.8,22.5,14.5,40.3,30.3,2026-10-05T12:01:00.104955Z
2026-10-05,BY,cis,78,comfortable,71,70,100,18,,0.9,16.6,7.9,0,14.4,2026-10-05T12:00:45.065604Z
2026-10-05,BZ,americas,29,hard,32,56,100,47,100,2.1,32,25,0.9,12.3,2026-10-05T12:01:09.675499Z
2026-10-05,CA,americas,78,comfortable,67,78,99,31,70,1.5,21.2,8.8,0,18,2026-10-05T12:01:08.898486Z
2026-10-05,CD,africa,49,acceptable,52,86,100,47,,2.1,32.8,23.2,1.9,12.1,2026-10-05T12:00:57.082465Z
2026-10-05,CG,africa,49,acceptable,54,86,100,47,100,2.1,32.8,25.3,0.8,12.7,2026-10-05T12:00:56.865644Z
2026-10-05,CH,europe,90,ideal,70,82,100,30,,1.4,21.4,12.6,0,9.4,2026-10-05T12:00:39.486960Z
2026-10-05,CI,africa,45,acceptable,45,66,95,27,100,1.3,28,23.6,8,11,2026-10-05T12:00:53.586600Z
2026-10-05,CL,americas,90,ideal,88,55,100,25,86,1.2,16.4,6.4,2.3,19.1,2026-10-05T12:01:12.560176Z
2026-10-05,CM,africa,53,acceptable,54,85,88,50,100,2.2,26.7,19.9,23.4,8.9,2026-10-05T12:00:56.172001Z
2026-10-05,CN,asia,86,ideal,87,93,100,45,100,2,24.4,10.4,0,10.5,2026-10-05T12:01:03.151892Z
2026-10-05,CO,americas,67,comfortable,58,70,95,55,100,2.4,22.9,7.8,11.4,14.8,2026-10-05T12:01:13.919925Z
2026-10-05,CR,americas,69,comfortable,67,73,95,40,100,1.8,19.6,13.4,9.8,10.2,2026-10-05T12:01:10.661445Z
2026-10-05,CU,americas,34,hard,37,56,100,47,100,2.1,31.1,23.9,2.5,8.4,2026-10-05T12:01:11.117045Z
2026-10-05,CV,africa,44,acceptable,54,82,95,55,100,2.4,28.3,26.7,0,15.9,2026-10-05T12:00:55.944001Z
2026-10-05,CY,europe,94,ideal,88,94,100,46,100,2.1,25.2,18.2,0,16.3,2026-10-05T12:00:36.814681Z
2026-10-05,CZ,europe,89,ideal,74,70,100,29,,1.4,20.7,7.7,0,5.6,2026-10-05T12:00:43.366698Z
2026-10-05,DE,europe,90,ideal,74,78,100,27,,1.3,21.6,9.7,0,4.3,2026-10-05T12:00:38.956769Z
2026-10-05,DJ,africa,33,hard,35,67,100,57,88,2.5,30.4,29.5,1.8,21,2026-10-05T12:00:58.008752Z
2026-10-05,DK,europe,76,comfortable,69,73,94,12,86,0.6,17.6,11.9,0,26.1,2026-10-05T12:00:41.786240Z
2026-10-05,DO,americas,43,acceptable,43,63,100,52,100,2.3,30.6,20.7,0,10,2026-10-05T12:01:11.353537Z
2026-10-05,DZ,africa,86,ideal,85,93,100,41,100,1.9,27.7,20.5,0.2,15.8,2026-10-05T12:00:51.044680Z
2026-10-05,EC,americas,85,ideal,79,56,100,62,100,2.7,19.3,10.3,2,13.5,2026-10-05T12:01:13.688823Z
2026-10-05,EE,europe,69,comfortable,69,66,100,4,74,0.2,13.9,9.1,2.1,17.9,2026-10-05T12:00:42.434546Z
2026-10-05,EG,africa,81,ideal,78,89,96,47,100,2.1,27.1,21.6,1.9,15.4,2026-10-05T12:00:51.277881Z
2026-10-05,ER,africa,83,ideal,80,65,100,55,88,2.4,36.4,30.5,0,17.9,2026-10-05T12:00:57.784840Z
2026-10-05,ES,europe,89,ideal,85,85,100,32,100,1.5,23.9,16.7,1,10.7,2026-10-05T12:00:34.829073Z
2026-10-05,ET,africa,90,ideal,90,100,95,32,,1.5,27.4,19.5,0.7,16.3,2026-10-05T12:00:57.539392Z
2026-10-05,FI,europe,69,comfortable,48,65,94,8,70,0.4,14.9,10,1.6,25.2,2026-10-05T12:00:41.486873Z
2026-10-05,FJ,oceania,59,acceptable,65,63,100,50,100,2.2,27.7,18.6,0,13.6,2026-10-05T12:01:15.626785Z
2026-10-05,FR,europe,90,ideal,77,94,100,29,100,1.3,23.9,16.7,0,11.5,2026-10-05T12:00:35.309948Z
2026-10-05,GA,africa,49,acceptable,52,73,88,22,100,1.1,26.2,22.5,17.3,5.8,2026-10-05T12:00:56.402716Z
2026-10-05,GB,europe,71,comfortable,71,93,100,0,94,0,,,0,0,2026-10-05T12:00:40.527667Z
2026-10-05,GE,cis,92,ideal,88,89,100,37,100,1.7,19.8,13,0,16.6,2026-10-05T12:00:45.288691Z
2026-10-05,GH,africa,41,acceptable,44,86,88,35,100,1.6,30.7,24.6,18.4,8,2026-10-05T12:00:53.903635Z
2026-10-05,GM,africa,37,hard,37,73,88,30,100,1.4,29.9,23.8,13.1,9.4,2026-10-05T12:00:52.415205Z
2026-10-05,GN,africa,52,acceptable,53,73,95,27,100,1.3,27.1,22.9,10.3,6.9,2026-10-05T12:00:52.653179Z
2026-10-05,GQ,africa,53,acceptable,51,73,88,25,100,1.2,24.2,20.3,12.7,7.9,2026-10-05T12:00:56.637388Z
2026-10-05,GR,europe,97,ideal,89,94,100,46,100,2.1,24.4,13.8,0,13.8,2026-10-05T12:00:35.884547Z
2026-10-05,GT,americas,83,ideal,70,81,100,40,100,1.8,24.4,16,3,11.6,2026-10-05T12:01:09.420512Z
2026-10-05,GW,africa,44,acceptable,38,66,95,22,100,1.1,26.6,23.9,10.5,12.5,2026-10-05T12:00:52.878378Z
2026-10-05,GY,americas,31,hard,37,66,100,55,100,2.4,33.5,24.6,0.5,11.3,2026-10-05T12:01:14.396216Z
2026-10-05,HN,americas,62,comfortable,59,63,100,47,100,2.1,29.7,19.9,0,6.9,2026-10-05T12:01:10.147555Z
2026-10-05,HR,europe,91,ideal,78,96,100,35,100,1.6,22.4,18.2,0,12.3,2026-10-05T12:00:36.120965Z
2026-10-05,HU,europe,88,ideal,77,90,100,35,,1.6,24,10.2,0,5.9,2026-10-05T12:00:43.814113Z
2026-10-05,ID,asia,40,acceptable,43,67,100,53,100,2.3,29.4,19.7,0.1,8.4,2026-10-05T12:01:04.564930Z
2026-10-05,IE,europe,71,comfortable,71,93,100,0,78,0,,,0,0,2026-10-05T12:00:40.769285Z
2026-10-05,IL,middle_east,90,ideal,80,99,99,49,100,2.2,26.9,17.7,0,19.1,2026-10-05T12:00:47.697858Z
2026-10-05,IN,asia,47,acceptable,54,86,100,50,100,2.2,34.8,24.3,0,15,2026-10-05T12:01:06.904649Z
2026-10-05,IQ,middle_east,64,comfortable,56,95,100,37,100,1.7,34.4,22.7,0,8.7,2026-10-05T12:00:49.854804Z
2026-10-05,IR,middle_east,89,ideal,88,100,95,47,88,2.1,23.1,14.1,0,10.9,2026-10-05T12:00:50.344868Z
2026-10-05,IS,europe,51,acceptable,48,60,98,13,70,0.6,8,5.1,7.3,22.4,2026-10-05T12:00:42.090339Z
2026-10-05,IT,europe,92,ideal,83,91,100,39,100,1.8,25.6,14.9,0,8.4,2026-10-05T12:00:35.567098Z
2026-10-05,JM,americas,59,acceptable,55,63,100,50,100,2.2,29.1,21.1,0.7,15.5,2026-10-05T12:01:11.585718Z
2026-10-05,JO,middle_east,96,ideal,87,98,100,53,100,2.3,24.5,15.3,0,17.3,2026-10-05T12:00:47.934003Z
2026-10-05,JP,asia,85,ideal,86,81,96,10,100,0.5,21.4,17.8,0.1,12,2026-10-05T12:01:02.318919Z
2026-10-05,KE,africa,89,ideal,86,100,100,55,100,2.4,26.2,16,0,16.7,2026-10-05T12:00:58.467278Z
2026-10-05,KG,cis,72,comfortable,80,77,92,10,,0.5,17.5,12.3,7.1,18.7,2026-10-05T12:00:46.747414Z
2026-10-05,KH,asia,26,hard,34,73,95,37,100,1.7,31.8,25.8,9.1,5.9,2026-10-05T12:01:05.627664Z
2026-10-05,KR,asia,91,ideal,91,93,100,30,100,1.4,19.3,9.9,0,18.2,2026-10-05T12:01:02.824271Z
2026-10-05,KU,middle_east,90,ideal,86,95,100,37,,1.7,30.2,16.9,0.1,15,2026-10-05T12:00:50.087458Z
2026-10-05,KW,middle_east,18,extreme,29,77,68,52,88,2.3,39,30,0,14.8,2026-10-05T12:00:49.600810Z
2026-10-05,KZ,cis,70,comfortable,77,80,99,25,,1.2,15.2,8.4,0,11.9,2026-10-05T12:00:46.266855Z
2026-10-05,LA,asia,51,acceptable,63,81,88,22,,1.1,25.2,19.6,14.1,11.1,2026-10-05T12:01:05.853298Z
2026-10-05,LB,middle_east,93,ideal,88,93,100,40,100,1.8,23.7,18.3,0.1,11.4,2026-10-05T12:00:48.173238Z
2026-10-05,LK,asia,34,hard,37,80,88,52,100,2.3,33.2,22.6,16.4,8,2026-10-05T12:01:07.347539Z
2026-10-05,LR,africa,46,acceptable,47,73,95,27,100,1.3,27.4,22.9,8.3,7.6,2026-10-05T12:00:53.341750Z
2026-10-05,LS,africa,96,ideal,90,75,100,55,,2.4,17.4,5.2,0.1,17.9,2026-10-05T12:01:02.052725Z
2026-10-05,LT,europe,73,comfortable,70,78,100,12,58,0.6,14.4,9,0.4,12.3,2026-10-05T12:00:42.887412Z
2026-10-05,LU,europe,90,ideal,75,78,100,30,,1.4,21.4,9.5,0,4.1,2026-10-05T12:00:40.234682Z
2026-10-05,LV,europe,71,comfortable,71,66,100,4,86,0.2,13.9,10.1,1.4,14.7,2026-10-05T12:00:42.655737Z
2026-10-05,LY,africa,89,ideal,85,100,100,47,100,2.1,26.4,21.2,0,14.3,2026-10-05T12:00:51.501986Z
2026-10-05,MA,africa,70,comfortable,75,94,99,30,92,1.4,28.8,21.3,0.1,12.5,2026-10-05T12:00:50.582354Z
2026-10-05,MD,cis,91,ideal,81,82,100,34,,1.6,23.6,8.1,0,7,2026-10-05T12:00:44.825437Z
2026-10-05,ME,europe,96,ideal,72,100,100,42,100,1.9,21.4,15.6,0,9.1,2026-10-05T12:00:36.361529Z
2026-10-05,MG,africa,82,ideal,82,97,100,50,100,2.2,27.3,16,1,21.6,2026-10-05T12:01:01.380695Z
2026-10-05,MK,europe,94,ideal,83,87,100,44,,2,22,7.3,0,7.1,2026-10-05T12:00:38.073706Z
2026-10-05,ML,africa,28,hard,36,74,83,60,,2.6,39.6,29.9,0,20.5,2026-10-05T12:00:54.958029Z
2026-10-05,MM,asia,32,hard,40,62,100,42,100,1.9,32.4,26.3,1.4,8.2,2026-10-05T12:01:05.367195Z
2026-10-05,MN,asia,61,comfortable,55,58,100,37,,1.7,12.4,-1.2,0,16.1,2026-10-05T12:01:03.817731Z
2026-10-05,MR,africa,35,hard,39,81,95,42,100,1.9,28.6,26,11.3,14.3,2026-10-05T12:00:51.727178Z
2026-10-05,MT,europe,96,ideal,75,100,100,35,100,1.6,25.4,20.5,0,12,2026-10-05T12:00:37.391703Z
2026-10-05,MW,africa,90,ideal,86,93,100,60,,2.6,31,21.2,0,14,2026-10-05T12:01:00.795284Z
2026-10-05,MX,americas,85,ideal,83,76,94,39,,1.8,22.4,14.6,1.9,20.9,2026-10-05T12:01:09.157928Z
2026-10-05,MY,asia,29,hard,35,73,100,50,100,2.2,33.5,24.9,0.5,10.6,2026-10-05T12:01:04.831349Z
2026-10-05,MZ,africa,72,comfortable,62,85,100,32,100,1.5,28.7,21.6,2.1,11,2026-10-05T12:01:01.103377Z
2026-10-05,NA,africa,88,ideal,67,93,100,65,86,2.8,27.7,12,0,15.8,2026-10-05T12:00:59.834380Z
2026-10-05,NE,africa,19,extreme,29,85,68,50,,2.2,38.2,25,0,20.6,2026-10-05T12:00:55.480632Z
2026-10-05,NG,africa,40,acceptable,42,80,100,30,100,1.4,28.5,22.5,5,7.6,2026-10-05T12:00:54.710299Z
2026-10-05,NI,americas,48,acceptable,52,56,100,47,100,2.1,29,23.8,3,12.1,2026-10-05T12:01:10.420956Z
2026-10-05,NL,europe,90,ideal,74,79,100,27,94,1.3,20.1,11.7,0,15.8,2026-10-05T12:00:39.715429Z
2026-10-05,NO,europe,72,comfortable,52,71,92,8,70,0.4,14.3,9.3,0,25.4,2026-10-05T12:00:40.999669Z
2026-10-05,NP,asia,74,comfortable,78,93,100,22,,1.1,22.3,16.3,0.1,5.5,2026-10-05T12:01:07.569919Z
2026-10-05,NZ,oceania,90,ideal,84,68,100,53,86,2.3,16.6,8.6,0,18.2,2026-10-05T12:01:15.097112Z
2026-10-05,OM,middle_east,25,hard,32,65,95,55,88,2.4,32.9,30.7,0,13.9,2026-10-05T12:00:48.662404Z
2026-10-05,PA,americas,32,hard,35,81,100,40,100,1.8,28.5,21.4,2.9,6.6,2026-10-05T12:01:10.883564Z
2026-10-05,PE,americas,88,ideal,88,63,100,62,100,2.7,26.2,18.5,0,11,2026-10-05T12:01:13.244987Z
2026-10-05,PG,oceania,67,comfortable,63,63,88,40,100,1.8,20.5,14.1,14.7,10.8,2026-10-05T12:01:15.344673Z
2026-10-05,PH,asia,30,hard,38,74,88,50,100,2.2,33,25.7,18.8,6.6,2026-10-05T12:01:05.103812Z
2026-10-05,PK,asia,51,acceptable,67,93,100,42,100,1.9,32.4,24.5,0,8.3,2026-10-05T12:01:08.040988Z
2026-10-05,PL,europe,86,ideal,74,73,100,23,,1.1,19.4,7.6,0,7,2026-10-05T12:00:43.112852Z
2026-10-05,PT,europe,88,ideal,89,88,100,31,96,1.4,25.4,16.9,3.9,9.7,2026-10-05T12:00:35.083837Z
2026-10-05,PY,americas,77,comfortable,57,81,95,6,,0.3,22.2,20.5,8.6,8.8,2026-10-05T12:01:13.006764Z
2026-10-05,QA,middle_east,11,extreme,25,82,83,57,88,2.5,40.3,28.3,0,17,2026-10-05T12:00:49.131128Z
2026-10-05,RO,europe,90,ideal,79,79,100,39,100,1.8,22.4,7.2,0,8.6,2026-10-05T12:00:44.042640Z
2026-10-05,RS,europe,82,ideal,80,80,100,39,,1.8,25.2,5.9,0,8.2,2026-10-05T12:00:38.300090Z
2026-10-05,RU,cis,71,comfortable,68,81,100,24,100,1.1,16,8.9,0,10.9,2026-10-05T12:00:45.997272Z
2026-10-05,RW,africa,92,ideal,88,100,100,62,,2.7,30.1,17.9,0,19.5,2026-10-05T12:00:58.909552Z
2026-10-05,SA,middle_east,54,acceptable,66,88,68,57,88,2.5,38,25.6,0,10.9,2026-10-05T12:00:48.903671Z
2026-10-05,SD,africa,26,hard,32,60,68,62,88,2.7,41.1,30.5,0,18.1,2026-10-05T12:00:51.953894Z
2026-10-05,SE,europe,76,comfortable,64,73,94,10,86,0.5,17,11.9,1.3,22.8,2026-10-05T12:00:41.262019Z
2026-10-05,SG,asia,20,hard,34,70,100,52,100,2.3,32.6,26.7,0,13.2,2026-10-05T12:01:06.084824Z
2026-10-05,SI,europe,88,ideal,70,82,100,24,100,1.2,21.8,10.5,0,7.8,2026-10-05T12:00:37.619778Z
2026-10-05,SK,europe,90,ideal,73,75,100,30,,1.4,22.4,6.8,0,4,2026-10-05T12:00:43.592065Z
2026-10-05,SL,africa,40,acceptable,41,78,95,45,100,2,30.7,23.9,9.4,11.6,2026-10-05T12:00:53.103467Z
2026-10-05,SN,africa,38,hard,36,73,95,42,100,1.9,30.2,23.9,11.8,10.7,2026-10-05T12:00:52.183906Z
2026-10-05,SO,africa,50,acceptable,51,86,95,52,100,2.3,31.5,24.4,8.5,15.6,2026-10-05T12:00:58.240389Z
2026-10-05,SR,americas,32,hard,30,73,100,65,100,2.8,35.4,23.3,0,11.9,2026-10-05T12:01:14.638216Z
2026-10-05,SV,americas,48,acceptable,51,63,100,52,100,2.3,29,21.6,2.8,11,2026-10-05T12:01:09.916058Z
2026-10-05,SZ,africa,84,ideal,67,93,100,57,,2.5,27.6,15.1,0,8.6,2026-10-05T12:01:01.669107Z
2026-10-05,TD,africa,28,hard,36,57,68,40,,1.8,38.2,31,0,27.6,2026-10-05T12:00:55.702820Z
2026-10-05,TG,africa,38,hard,42,85,100,35,100,1.6,29.4,23,4.3,9.3,2026-10-05T12:00:54.204513Z
2026-10-05,TH,asia,30,hard,39,70,88,49,100,2.2,30.1,24.1,39.9,9.4,2026-10-05T12:01:04.061687Z
2026-10-05,TJ,cis,74,comfortable,88,93,90,10,,0.5,22.8,15,10.4,7.8,2026-10-05T12:00:46.965960Z
2026-10-05,TL,asia,63,comfortable,55,63,100,67,100,2.9,28.4,26.5,0,11.4,2026-10-05T12:01:06.677299Z
2026-10-05,TM,cis,91,ideal,89,93,100,35,,1.6,21.8,13,0,9.8,2026-10-05T12:00:47.205582Z
2026-10-05,TN,africa,86,ideal,76,96,100,45,100,2,28.7,22.2,0,23.4,2026-10-05T12:00:50.822188Z
2026-10-05,TR,middle_east,92,ideal,89,100,100,42,100,1.9,23.9,16.3,0,14.4,2026-10-05T12:00:47.456743Z
2026-10-05,TT,americas,35,hard,39,66,100,32,100,1.5,28.9,23.7,2.1,7.6,2026-10-05T12:01:11.815832Z
2026-10-05,TW,asia,44,acceptable,58,74,78,12,100,0.6,27.5,23.3,25.3,7.4,2026-10-05T12:01:03.519791Z
2026-10-05,TZ,africa,79,comfortable,76,97,100,67,100,2.9,30.8,17.6,0,24.6,2026-10-05T12:00:59.360031Z
2026-10-05,UA,cis,89,ideal,82,89,100,30,94,1.4,21.6,11,0,6.8,2026-10-05T12:00:44.597038Z
2026-10-05,UG,africa,62,comfortable,64,100,100,65,,2.8,29.5,21,0.9,12.3,2026-10-05T12:00:58.689384Z
2026-10-05,US,americas,91,ideal,81,70,100,39,94,1.8,24.9,11.5,0,21.9,2026-10-05T12:01:08.512934Z
2026-10-05,UY,americas,90,ideal,86,78,100,25,70,1.2,19.2,11.6,0,22.7,2026-10-05T12:01:12.787565Z
2026-10-05,UZ,cis,85,ideal,88,81,100,42,,1.9,18.7,6.5,0,13,2026-10-05T12:00:46.520632Z
2026-10-05,VE,americas,46,acceptable,47,66,95,57,100,2.5,32.9,23.1,7.2,13.2,2026-10-05T12:01:14.160699Z
2026-10-05,VN,asia,55,acceptable,57,85,99,41,100,1.9,29,24.8,4.6,17,2026-10-05T12:01:04.298247Z
2026-10-05,XK,europe,92,ideal,78,77,100,42,,1.9,23.5,6.7,0,6,2026-10-05T12:00:38.514487Z
2026-10-05,XN,europe,94,ideal,86,96,100,42,100,1.9,24.5,19.4,0.1,10.2,2026-10-05T12:00:37.162599Z
2026-10-05,ZA,africa,93,ideal,82,97,100,52,86,2.3,24.3,12.5,0,24.1,2026-10-05T12:00:59.595094Z
2026-10-05,ZM,africa,84,ideal,68,100,100,42,,1.9,28,19,2.1,16.1,2026-10-05T12:01:00.560486Z
2026-10-05,ZW,africa,90,ideal,83,90,95,57,,2.5,27.2,14.5,8.7,24.1,2026-10-05T12:01:00.336844Z
2026-10-06,AD,europe,77,comfortable,72,55,90,27,,1.3,13.8,7.8,5.4,11.6,2026-10-06T12:00:38.436928Z
2026-10-06,AE,middle_east,18,extreme,24,62,100,52,88,2.3,34.2,30.9,0,14.4,2026-10-06T12:00:47.508712Z
2026-10-06,AL,europe,92,ideal,82,91,100,44,100,1.9,25.4,12.9,0,11.5,2026-10-06T12:00:36.265683Z
2026-10-06,AM,cis,86,ideal,86,77,98,26,,1.2,17.2,8.9,2.1,9.7,2026-10-06T12:00:44.792443Z
2026-10-06,AO,africa,77,comfortable,63,93,100,37,100,1.7,26.8,22.3,0,18.3,2026-10-06T12:00:55.991314Z
2026-10-06,AR,americas,88,ideal,75,96,100,51,86,2.3,20.6,13.4,0,18.9,2026-10-06T12:01:10.288002Z
2026-10-06,AT,europe,90,ideal,76,90,100,33,,1.5,21.8,8.8,0,14,2026-10-06T12:00:38.970427Z
2026-10-06,AU,oceania,91,ideal,84,86,94,52,100,2.3,25.9,14.9,0,14.1,2026-10-06T12:01:13.189377Z
2026-10-06,AZ,cis,90,ideal,88,73,99,27,,1.3,17.2,10.6,0,8.7,2026-10-06T12:00:45.017925Z
2026-10-06,BA,europe,84,ideal,81,84,100,38,100,1.7,23.5,13,0,11.9,2026-10-06T12:00:37.460003Z
2026-10-06,BD,asia,16,extreme,35,86,100,35,100,1.6,32.2,25.5,2.2,4.7,2026-10-06T12:01:05.965174Z
2026-10-06,BE,europe,90,ideal,75,73,100,30,,1.4,22.2,8,0,7.7,2026-10-06T12:00:39.684614Z
2026-10-06,BF,africa,25,hard,32,86,100,50,,2.2,33.2,24.9,3.6,7.6,2026-10-06T12:00:53.949952Z
2026-10-06,BG,europe,92,ideal,88,93,100,39,100,1.8,21.9,11,0,12,2026-10-06T12:00:43.661233Z
2026-10-06,BH,middle_east,2,extreme,22,75,95,52,88,2.3,36.2,30,0,16.2,2026-10-06T12:00:48.407209Z
2026-10-06,BI,africa,87,ideal,87,100,100,60,,2.6,28.3,18.2,0,18.5,2026-10-06T12:00:57.775111Z
2026-10-06,BJ,africa,40,acceptable,45,73,95,32,100,1.5,29.2,23.6,10.2,7.1,2026-10-06T12:00:53.253564Z
2026-10-06,BN,asia,29,hard,34,73,100,50,88,2.2,31.6,25.3,1.2,9.5,2026-10-06T12:01:04.564330Z
2026-10-06,BO,americas,83,ideal,75,77,100,78,,3.4,18.2,3,0,15.9,2026-10-06T12:01:11.778318Z
2026-10-06,BR,americas,67,comfortable,52,75,96,18,100,0.9,22,16.7,3.2,9,2026-10-06T12:01:10.528622Z
2026-10-06,BT,asia,89,ideal,86,45,100,25,,1.2,11.6,5.2,2.9,6.5,2026-10-06T12:01:06.488389Z
2026-10-06,BW,africa,90,ideal,74,85,100,62,,2.7,28.4,15.4,0,13.8,2026-10-06T12:00:58.718067Z
2026-10-06,BY,cis,83,ideal,75,80,100,18,,0.9,19.6,10.3,0,14.3,2026-10-06T12:00:44.345145Z
2026-10-06,BZ,americas,24,hard,31,56,100,45,100,2,31.9,24.6,0.7,9.7,2026-10-06T12:01:07.911228Z
2026-10-06,CA,americas,78,comfortable,68,80,98,31,70,1.5,19.6,9.2,0,22,2026-10-06T12:01:07.089502Z
2026-10-06,CD,africa,51,acceptable,51,86,100,42,,1.9,32.3,23.3,0,12.8,2026-10-06T12:00:55.752614Z
2026-10-06,CG,africa,54,acceptable,53,93,100,40,100,1.8,32.6,24.6,0,12.6,2026-10-06T12:00:55.529960Z
2026-10-06,CH,europe,91,ideal,72,74,100,32,,1.5,21.8,9.3,0,5.2,2026-10-06T12:00:39.191832Z
2026-10-06,CI,africa,37,hard,43,73,95,45,100,2,30.4,23.9,10.9,7.7,2026-10-06T12:00:52.551975Z
2026-10-06,CL,americas,85,ideal,87,53,78,6,86,0.3,13.8,11.2,39.5,27.3,2026-10-06T12:01:10.859078Z
2026-10-06,CM,africa,55,acceptable,55,80,95,47,100,2.1,27.1,20.4,8.1,8.1,2026-10-06T12:00:54.840799Z
2026-10-06,CN,asia,86,ideal,86,93,100,45,100,2,25.8,10.2,0,9.3,2026-10-06T12:01:01.120451Z
2026-10-06,CO,americas,66,comfortable,60,66,100,45,100,2,20.9,8.9,3.2,16.3,2026-10-06T12:01:12.236769Z
2026-10-06,CR,americas,69,comfortable,67,63,88,35,100,1.6,19.6,14,16.8,8.8,2026-10-06T12:01:08.825530Z
2026-10-06,CU,americas,35,hard,37,56,100,50,100,2.2,32.2,23.1,1.1,5.4,2026-10-06T12:01:09.278029Z
2026-10-06,CV,africa,44,acceptable,51,77,95,45,100,2,27.8,26.5,0,15.3,2026-10-06T12:00:54.615378Z
2026-10-06,CY,europe,95,ideal,85,97,100,41,100,1.9,23.9,19.6,0,14.4,2026-10-06T12:00:36.492377Z
2026-10-06,CZ,europe,90,ideal,75,67,100,30,,1.4,21.6,5.5,0,7.9,2026-10-06T12:00:42.715171Z
2026-10-06,DE,europe,90,ideal,71,78,100,30,,1.4,22,9.2,0,8.4,2026-10-06T12:00:38.662872Z
2026-10-06,DJ,africa,28,hard,35,60,100,60,88,2.6,31.2,30.1,1.2,18.1,2026-10-06T12:00:56.657671Z
2026-10-06,DK,europe,79,comfortable,67,87,100,18,86,0.9,15.9,11.5,0,17.7,2026-10-06T12:00:41.341247Z
2026-10-06,DO,americas,39,hard,44,63,100,55,100,2.4,31.5,22.4,1.7,12.3,2026-10-06T12:01:09.514937Z
2026-10-06,DZ,africa,84,ideal,83,93,100,38,100,1.7,28.6,20.3,0.1,17.4,2026-10-06T12:00:49.999933Z
2026-10-06,EC,americas,83,ideal,79,56,100,70,100,3,19.6,8.7,1.6,12.9,2026-10-06T12:01:12.006705Z
2026-10-06,EE,europe,76,comfortable,66,75,95,20,42,1,15,9.1,0.5,24.5,2026-10-06T12:00:41.783412Z
2026-10-06,EG,africa,87,ideal,77,93,98,43,100,1.9,27.9,21,0,13.8,2026-10-06T12:00:50.231371Z
2026-10-06,ER,africa,82,ideal,81,82,100,52,88,2.3,36.1,29.8,0.8,14.9,2026-10-06T12:00:56.438972Z
2026-10-06,ES,europe,86,ideal,85,93,99,19,100,0.9,23.5,18.5,4.2,9.7,2026-10-06T12:00:34.627653Z
2026-10-06,ET,africa,90,ideal,88,100,95,42,,1.9,30.1,19.1,0,18.8,2026-10-06T12:00:56.210946Z
2026-10-06,FI,europe,70,comfortable,50,84,84,19,70,0.9,14.5,9.9,0,28.6,2026-10-06T12:00:41.103469Z
2026-10-06,FJ,oceania,53,acceptable,65,63,100,57,100,2.5,28.1,19.2,0,16.6,2026-10-06T12:01:13.870188Z
2026-10-06,FR,europe,89,ideal,79,89,100,28,100,1.3,23.2,15.6,0.6,9.4,2026-10-06T12:00:35.085794Z
2026-10-06,GA,africa,48,acceptable,51,80,95,22,100,1.1,26.4,22.3,10,6.6,2026-10-06T12:00:55.080774Z
2026-10-06,GB,europe,71,comfortable,71,93,100,0,94,0,,,0,0,2026-10-06T12:00:40.159901Z
2026-10-06,GE,cis,91,ideal,87,86,100,29,100,1.4,19.8,13,1.2,14.1,2026-10-06T12:00:44.569035Z
2026-10-06,GH,africa,41,acceptable,42,66,95,27,100,1.3,29,24.7,8.2,7,2026-10-06T12:00:52.778110Z
2026-10-06,GM,africa,36,hard,36,78,100,50,100,2.2,32,23.2,0.1,8.2,2026-10-06T12:00:51.405197Z
2026-10-06,GN,africa,50,acceptable,52,73,88,42,100,1.9,29.1,22.8,14.9,8.6,2026-10-06T12:00:51.638397Z
2026-10-06,GQ,africa,49,acceptable,50,73,88,18,100,0.9,23.6,20.1,17,5.4,2026-10-06T12:00:55.304117Z
2026-10-06,GR,europe,96,ideal,89,96,100,44,100,2,25,15.4,0,8.3,2026-10-06T12:00:35.591787Z
2026-10-06,GT,americas,74,comfortable,69,63,95,40,100,1.8,25.2,16.4,9.1,13.4,2026-10-06T12:01:07.674545Z
2026-10-06,GW,africa,34,hard,34,78,100,50,100,2.2,31.6,23.4,0,12.6,2026-10-06T12:00:51.865813Z
2026-10-06,GY,americas,32,hard,35,81,100,57,100,2.5,35.1,24.4,0,9.9,2026-10-06T12:01:12.718962Z
2026-10-06,HN,americas,56,acceptable,56,63,100,50,100,2.2,30,19.9,0.1,7.1,2026-10-06T12:01:08.371435Z
2026-10-06,HR,europe,92,ideal,82,99,100,36,100,1.6,23,19.3,0,10.7,2026-10-06T12:00:35.818228Z
2026-10-06,HU,europe,91,ideal,81,89,100,37,,1.7,24.1,10.7,0,10.6,2026-10-06T12:00:43.165150Z
2026-10-06,ID,asia,40,acceptable,43,64,98,54,100,2.4,29.3,20.4,0,11.7,2026-10-06T12:01:02.466906Z
2026-10-06,IE,europe,71,comfortable,71,93,100,0,82,0,,,0,0,2026-10-06T12:00:40.401712Z
2026-10-06,IL,middle_east,92,ideal,77,95,99,38,100,1.7,26.2,18.5,0.2,14.9,2026-10-06T12:00:46.857307Z
2026-10-06,IN,asia,47,acceptable,54,89,100,50,100,2.2,35,24.3,0,12.7,2026-10-06T12:01:05.031919Z
2026-10-06,IQ,middle_east,41,acceptable,55,90,95,25,100,1.2,34.9,25.5,0,20.6,2026-10-06T12:00:48.852520Z
2026-10-06,IR,middle_east,84,ideal,88,100,95,42,88,1.9,24.8,15.5,0.5,10.4,2026-10-06T12:00:49.303110Z
2026-10-06,IS,europe,52,acceptable,45,58,97,13,70,0.7,7.6,3.6,0.6,30.8,2026-10-06T12:00:41.565660Z
2026-10-06,IT,europe,90,ideal,84,95,100,29,100,1.4,24,13.8,0,9.2,2026-10-06T12:00:35.333372Z
2026-10-06,JM,americas,55,acceptable,56,63,100,47,100,2.1,29.7,20.8,1,16.7,2026-10-06T12:01:09.765635Z
2026-10-06,JO,middle_east,95,ideal,88,97,100,39,100,1.8,25.4,17.5,0.2,14.9,2026-10-06T12:00:47.072902Z
2026-10-06,JP,asia,92,ideal,88,83,100,41,100,1.8,23.5,15,0,20.9,2026-10-06T12:01:00.629034Z
2026-10-06,KE,africa,87,ideal,83,100,100,57,100,2.5,26.2,16.3,0.8,17.7,2026-10-06T12:00:57.122736Z
2026-10-06,KG,cis,79,comfortable,80,78,100,34,,1.5,16.9,9,2.8,10.5,2026-10-06T12:00:45.961226Z
2026-10-06,KH,asia,27,hard,34,66,95,40,100,1.8,32.1,24.9,10.5,6.7,2026-10-06T12:01:03.671719Z
2026-10-06,KR,asia,94,ideal,87,62,100,47,100,2.1,20.9,7.3,0,14,2026-10-06T12:01:00.890474Z
2026-10-06,KU,middle_east,76,comfortable,85,91,67,22,,1.1,27.3,19.6,1.8,38.7,2026-10-06T12:00:49.078397Z
2026-10-06,KW,middle_east,19,extreme,29,60,78,52,88,2.3,40.3,30.3,0,6.9,2026-10-06T12:00:48.627423Z
2026-10-06,KZ,cis,74,comfortable,78,82,100,25,,1.2,16.9,7.6,1.3,15.3,2026-10-06T12:00:45.501125Z
2026-10-06,LA,asia,77,comfortable,68,88,100,25,,1.2,23.1,19,0,13.7,2026-10-06T12:01:03.972193Z
2026-10-06,LB,middle_east,95,ideal,89,87,100,38,100,1.7,22.5,17.2,0.6,15.3,2026-10-06T12:00:47.291703Z
2026-10-06,LK,asia,34,hard,37,93,100,57,100,2.5,33,22.6,0.4,10,2026-10-06T12:01:05.483817Z
2026-10-06,LR,africa,41,acceptable,46,73,88,22,100,1.1,26.8,23,13,6.8,2026-10-06T12:00:52.335060Z
2026-10-06,LS,africa,89,ideal,90,64,95,50,,2.2,15.4,6.4,0,26.5,2026-10-06T12:01:00.367758Z
2026-10-06,LT,europe,79,comfortable,73,78,95,10,58,0.5,17.9,10.3,0.3,17.1,2026-10-06T12:00:42.254711Z
2026-10-06,LU,europe,90,ideal,73,73,100,30,,1.4,21.7,7.8,0,4.2,2026-10-06T12:00:39.919722Z
2026-10-06,LV,europe,78,comfortable,70,83,100,16,86,0.8,16.1,11.7,0.2,20.2,2026-10-06T12:00:42.006021Z
2026-10-06,LY,africa,90,ideal,84,100,100,50,100,2.2,27.7,21.7,0,12.8,2026-10-06T12:00:50.457183Z
2026-10-06,MA,africa,77,comfortable,83,87,99,38,100,1.7,25.9,20.5,0,17.1,2026-10-06T12:00:49.541254Z
2026-10-06,MD,cis,90,ideal,87,86,100,29,,1.4,22.6,10.8,0,10,2026-10-06T12:00:44.124080Z
2026-10-06,ME,europe,96,ideal,77,100,100,42,100,1.9,21.9,15.9,0,8.3,2026-10-06T12:00:36.041925Z
2026-10-06,MG,africa,86,ideal,83,97,100,45,100,2,25.7,16.6,0,21.4,2026-10-06T12:00:59.866501Z
2026-10-06,MK,europe,93,ideal,86,83,100,44,,2,23,6.9,0,6.9,2026-10-06T12:00:37.713333Z
2026-10-06,ML,africa,29,hard,34,77,68,62,,2.7,40.6,28.9,0,14.4,2026-10-06T12:00:53.729147Z
2026-10-06,MM,asia,36,hard,39,70,100,47,100,2.1,32.8,26.4,1.5,11,2026-10-06T12:01:03.397408Z
2026-10-06,MN,asia,69,comfortable,53,50,100,30,,1.4,17,-3.3,0,11.6,2026-10-06T12:01:01.668533Z
2026-10-06,MR,africa,30,hard,38,70,100,42,100,1.9,29.6,26.1,1.1,11.5,2026-10-06T12:00:50.684268Z
2026-10-06,MT,europe,97,ideal,73,100,100,45,100,2,25.9,20.9,0,14.7,2026-10-06T12:00:36.970892Z
2026-10-06,MW,africa,87,ideal,84,93,100,50,,2.2,30.2,19.6,0,12.2,2026-10-06T12:00:59.381452Z
2026-10-06,MX,americas,85,ideal,83,68,98,32,,1.5,21.6,15.6,1.7,12.6,2026-10-06T12:01:07.385741Z
2026-10-06,MY,asia,24,hard,34,70,100,40,100,1.8,33.3,26.1,0.8,12.1,2026-10-06T12:01:02.719320Z
2026-10-06,MZ,africa,60,comfortable,60,85,100,40,100,1.8,30.1,22.5,0,11.3,2026-10-06T12:00:59.613317Z
2026-10-06,NA,africa,85,ideal,65,95,100,70,86,3,30.8,15.4,0,16.5,2026-10-06T12:00:58.492652Z
2026-10-06,NE,africa,14,extreme,30,85,68,55,,2.4,37.9,24.4,0,21.9,2026-10-06T12:00:54.165596Z
2026-10-06,NG,africa,36,hard,42,80,100,37,100,1.7,29.2,21.4,4.4,11,2026-10-06T12:00:53.495235Z
2026-10-06,NI,americas,52,acceptable,53,63,100,47,100,2.1,29.4,22.8,1.7,12.6,2026-10-06T12:01:08.593621Z
2026-10-06,NL,europe,88,ideal,72,80,100,19,94,1,20.8,14.8,0,7.5,2026-10-06T12:00:39.440906Z
2026-10-06,NO,europe,70,comfortable,53,75,97,16,70,0.8,12.7,8,0,18.7,2026-10-06T12:00:40.637065Z
2026-10-06,NP,asia,81,ideal,80,80,100,35,,1.6,23.6,14.9,0.2,7.4,2026-10-06T12:01:05.730390Z
2026-10-06,NZ,oceania,91,ideal,85,58,100,54,86,2.4,18.1,7.4,0,11.4,2026-10-06T12:01:13.421576Z
2026-10-06,OM,middle_east,13,extreme,32,53,95,52,88,2.3,32.2,30.7,0,11,2026-10-06T12:00:47.729924Z
2026-10-06,PA,americas,29,hard,36,81,95,32,100,1.5,26.5,21.2,6.2,8.2,2026-10-06T12:01:09.054779Z
2026-10-06,PE,americas,87,ideal,88,81,100,60,100,2.6,26.5,18.4,0,10.3,2026-10-06T12:01:11.549973Z
2026-10-06,PG,oceania,68,comfortable,62,63,100,35,100,1.6,20,14.6,1.1,9.8,2026-10-06T12:01:13.647790Z
2026-10-06,PH,asia,32,hard,39,66,88,42,100,1.9,32.4,25.2,20.4,7.9,2026-10-06T12:01:03.011887Z
2026-10-06,PK,asia,56,acceptable,68,93,88,25,100,1.2,28.3,22.3,23.4,12.3,2026-10-06T12:01:06.228570Z
2026-10-06,PL,europe,89,ideal,77,75,100,26,,1.3,21.6,8.9,0,4.1,2026-10-06T12:00:42.481036Z
2026-10-06,PT,europe,91,ideal,89,93,100,31,96,1.4,22.7,18.5,2.2,12.1,2026-10-06T12:00:34.862513Z
2026-10-06,PY,americas,78,comfortable,55,73,100,27,,1.3,27,20,0,10,2026-10-06T12:01:11.306707Z
2026-10-06,QA,middle_east,8,extreme,25,82,83,55,88,2.4,39.8,27.9,0,14.9,2026-10-06T12:00:48.188350Z
2026-10-06,RO,europe,91,ideal,86,75,100,36,,1.7,23,6.4,0,7.5,2026-10-06T12:00:43.394070Z
2026-10-06,RS,europe,82,ideal,83,74,100,41,,1.8,24.8,5.5,0,6.9,2026-10-06T12:00:37.950527Z
2026-10-06,RU,cis,74,comfortable,73,84,99,28,100,1.3,17.1,11.3,0,12.4,2026-10-06T12:00:45.245113Z
2026-10-06,RW,africa,93,ideal,89,100,100,55,,2.4,28.4,17.5,0,18.1,2026-10-06T12:00:57.561358Z
2026-10-06,SA,middle_east,56,acceptable,70,88,68,57,88,2.5,38.6,25,0,8.6,2026-10-06T12:00:47.959560Z
2026-10-06,SD,africa,24,hard,33,77,68,62,88,2.7,40.5,29.6,0,17.3,2026-10-06T12:00:50.929133Z
2026-10-06,SE,europe,76,comfortable,58,85,98,21,86,1.1,15.8,10.7,0,20.5,2026-10-06T12:00:40.881769Z
2026-10-06,SG,asia,18,extreme,34,75,100,60,100,2.6,33.1,26.2,0,13.1,2026-10-06T12:01:04.279360Z
2026-10-06,SI,europe,88,ideal,78,91,100,33,100,1.5,22.7,13.1,0,8.6,2026-10-06T12:00:37.205915Z
2026-10-06,SK,europe,91,ideal,76,71,100,31,,1.5,23,6.4,0,10,2026-10-06T12:00:42.943013Z
2026-10-06,SL,africa,37,hard,39,66,88,30,100,1.4,28.8,24,12.3,5.2,2026-10-06T12:00:52.090528Z
2026-10-06,SN,africa,35,hard,33,73,100,47,100,2.1,31.5,24.3,0.4,6.9,2026-10-06T12:00:51.162731Z
2026-10-06,SO,africa,49,acceptable,51,93,100,55,100,2.4,32.6,24.7,0.3,12.3,2026-10-06T12:00:56.878459Z
2026-10-06,SR,americas,33,hard,30,86,100,67,100,2.9,35.8,23.2,0,12.9,2026-10-06T12:01:12.957473Z
2026-10-06,SV,americas,44,acceptable,47,63,100,47,100,2.1,29.8,21.5,1.2,13.2,2026-10-06T12:01:08.134313Z
2026-10-06,SZ,africa,81,ideal,58,93,100,35,,1.6,28.2,17.4,0,18,2026-10-06T12:01:00.122022Z
2026-10-06,TD,africa,28,hard,37,68,61,62,,2.7,37.6,29.8,0,30.2,2026-10-06T12:00:54.384606Z
2026-10-06,TG,africa,40,acceptable,43,80,95,32,100,1.5,27.5,22.1,5.6,10.2,2026-10-06T12:00:53.005604Z
2026-10-06,TH,asia,39,hard,41,71,92,37,100,1.7,28.7,24.1,19.8,9,2026-10-06T12:01:01.920199Z
2026-10-06,TJ,cis,79,comfortable,86,93,90,27,,1.3,21.3,13.3,8.1,4.7,2026-10-06T12:00:46.185180Z
2026-10-06,TL,asia,67,comfortable,55,70,100,70,100,3,27.6,26.2,0.1,12.6,2026-10-06T12:01:04.793316Z
2026-10-06,TM,cis,94,ideal,88,86,100,42,,1.9,23.8,11.9,0,11.3,2026-10-06T12:00:46.408509Z
2026-10-06,TN,africa,76,comfortable,70,95,100,46,100,2.1,30.4,23.2,0,20.8,2026-10-06T12:00:49.773936Z
2026-10-06,TR,middle_east,91,ideal,90,93,100,40,100,1.8,22.1,13,0,14.3,2026-10-06T12:00:46.630428Z
2026-10-06,TT,americas,36,hard,41,81,95,60,100,2.6,30.8,24.6,0,18.3,2026-10-06T12:01:10.064067Z
2026-10-06,TW,asia,74,comfortable,66,100,100,6,100,0.3,23.7,22,0.3,10.5,2026-10-06T12:01:01.412939Z
2026-10-06,TZ,africa,76,comfortable,76,97,100,67,100,2.9,31.2,16.9,0,21.5,2026-10-06T12:00:58.005280Z
2026-10-06,UA,cis,88,ideal,85,88,100,27,94,1.3,21.6,11.2,0,10.6,2026-10-06T12:00:43.889797Z
2026-10-06,UG,africa,68,comfortable,69,93,100,45,,2,28,21.7,0.7,11.6,2026-10-06T12:00:57.343513Z
2026-10-06,US,americas,90,ideal,81,75,100,38,94,1.7,23.3,10.7,0,10.1,2026-10-06T12:01:06.728333Z
2026-10-06,UY,americas,95,ideal,81,73,100,52,70,2.3,23.4,9.5,0,17,2026-10-06T12:01:11.090542Z
2026-10-06,UZ,cis,90,ideal,88,76,100,42,,1.9,20.5,5.9,0,8.1,2026-10-06T12:00:45.722819Z
2026-10-06,VE,americas,45,acceptable,49,66,88,47,100,2.1,31.7,23.1,12.8,5.4,2026-10-06T12:01:12.491620Z
2026-10-06,VN,asia,74,comfortable,56,85,92,23,100,1.1,27.7,22.9,0,15,2026-10-06T12:01:02.185601Z
2026-10-06,XK,europe,92,ideal,86,77,100,42,,1.9,23.7,6,0,5.1,2026-10-06T12:00:38.182375Z
2026-10-06,XN,europe,94,ideal,84,96,100,40,100,1.8,23.9,19.9,1.6,10.3,2026-10-06T12:00:36.739592Z
2026-10-06,ZA,africa,92,ideal,82,77,88,55,86,2.4,23.3,11.9,0,34.6,2026-10-06T12:00:58.251804Z
2026-10-06,ZM,africa,65,comfortable,64,93,100,65,,2.8,31,18,0,13.7,2026-10-06T12:00:59.162915Z
2026-10-06,ZW,africa,89,ideal,83,90,100,55,,2.4,27.7,16.7,3,24.5,2026-10-06T12:00:58.943856Z
2026-10-07,AD,europe,73,comfortable,71,55,100,20,,1,11.1,7.5,2.8,10.5,2026-10-07T12:00:44.562649Z
2026-10-07,AE,middle_east,22,hard,25,63,94,54,88,2.4,37.7,30.4,0,6.1,2026-10-07T12:00:53.839955Z
2026-10-07,AL,europe,93,ideal,76,90,100,40,100,1.8,25.6,12.3,0,9.5,2026-10-07T12:00:42.327778Z
2026-10-07,AM,cis,88,ideal,87,74,100,34,,1.6,17.9,9.5,2.3,10,2026-10-07T12:00:51.107967Z
2026-10-07,AO,africa,69,comfortable,63,93,100,57,100,2.5,27.4,22.1,0,16.6,2026-10-07T12:01:02.835709Z
2026-10-07,AR,americas,67,comfortable,75,76,100,28,,1.3,18.9,13.5,4.8,21.6,2026-10-07T12:01:16.976934Z
2026-10-07,AT,europe,90,ideal,74,86,100,34,,1.6,22.8,9.8,0,8,2026-10-07T12:00:45.108449Z
2026-10-07,AU,oceania,91,ideal,85,85,98,45,100,2,22,14.1,8.3,18.2,2026-10-07T12:01:19.941327Z
2026-10-07,AZ,cis,87,ideal,88,82,100,13,,0.7,18.2,14.7,0.1,10.9,2026-10-07T12:00:51.326762Z
2026-10-07,BA,europe,88,ideal,74,84,100,34,100,1.6,22,12.7,0,20.5,2026-10-07T12:00:43.595412Z
2026-10-07,BD,asia,16,extreme,35,86,100,35,100,1.6,32.8,25.9,1.7,3.3,2026-10-07T12:01:12.772672Z
2026-10-07,BE,europe,83,ideal,73,75,91,25,94,1.2,23.1,10.1,8.9,15.7,2026-10-07T12:00:45.872791Z
2026-10-07,BF,africa,29,hard,33,86,95,52,,2.3,33.4,25.1,2.1,9,2026-10-07T12:01:00.459056Z
2026-10-07,BG,europe,92,ideal,80,91,100,37,100,1.7,22,11.5,0,13.1,2026-10-07T12:00:49.930172Z
2026-10-07,BH,middle_east,13,extreme,24,75,88,52,88,2.3,37.5,28,0,10.4,2026-10-07T12:00:54.780756Z
2026-10-07,BI,africa,85,ideal,86,97,100,37,,1.7,26.7,18,3.5,22.1,2026-10-07T12:01:04.906144Z
2026-10-07,BJ,africa,38,hard,43,78,100,47,100,2.1,30.8,23.8,0.7,11.6,2026-10-07T12:00:59.753175Z
2026-10-07,BN,asia,26,hard,34,74,88,42,88,1.9,29.9,26,20.1,7,2026-10-07T12:01:11.428833Z
2026-10-07,BO,americas,70,comfortable,74,60,100,80,,3.5,19,1.4,0,18.8,2026-10-07T12:01:18.499576Z
2026-10-07,BR,americas,55,acceptable,49,76,100,39,100,1.8,23.6,19,1.7,10.5,2026-10-07T12:01:17.198559Z
2026-10-07,BT,asia,86,ideal,86,45,100,27,,1.3,13.2,4.1,1,7.3,2026-10-07T12:01:13.262788Z
2026-10-07,BW,africa,69,comfortable,68,100,100,67,,2.9,31.8,16,0,19.8,2026-10-07T12:01:05.891605Z
2026-10-07,BY,cis,83,ideal,69,74,100,24,,1.2,18.9,8.8,0,6.2,2026-10-07T12:00:50.623235Z
2026-10-07,BZ,americas,23,hard,31,56,100,47,100,2.1,33.3,24.8,3.1,9,2026-10-07T12:01:14.531747Z
2026-10-07,CA,americas,76,comfortable,66,73,94,24,70,1.2,19,11.9,0.3,31.5,2026-10-07T12:01:13.828286Z
2026-10-07,CD,africa,48,acceptable,51,93,100,55,,2.4,32.8,22.3,0,13,2026-10-07T12:01:02.570563Z
2026-10-07,CG,africa,48,acceptable,54,93,100,50,100,2.2,33.3,23.7,0,12.2,2026-10-07T12:01:02.261069Z
2026-10-07,CH,europe,88,ideal,70,84,100,22,,1.1,21.5,11.1,0.5,7.5,2026-10-07T12:00:45.329627Z
2026-10-07,CI,africa,42,acceptable,43,73,95,40,100,1.8,29.4,23.6,11.5,9.4,2026-10-07T12:00:59.049118Z
2026-10-07,CL,americas,91,ideal,91,63,88,30,86,1.4,16.7,10.5,24.8,24.5,2026-10-07T12:01:17.536643Z
2026-10-07,CM,africa,56,acceptable,55,85,100,42,100,1.9,26.4,20.5,4.2,8,2026-10-07T12:01:01.451405Z
2026-10-07,CN,asia,88,ideal,85,78,100,40,100,1.8,26,10.3,0,10.9,2026-10-07T12:01:08.348074Z
2026-10-07,CO,americas,66,comfortable,62,81,100,45,100,2,20.3,12.3,4.9,13,2026-10-07T12:01:18.958335Z
2026-10-07,CR,americas,75,comfortable,67,81,95,37,100,1.7,20.1,14,8,8,2026-10-07T12:01:15.579406Z
2026-10-07,CU,americas,35,hard,36,56,100,50,100,2.2,33.4,23.4,0.1,7.5,2026-10-07T12:01:16.048946Z
2026-10-07,CV,africa,47,acceptable,49,70,95,55,100,2.4,27.9,26.6,0,18.1,2026-10-07T12:01:01.171751Z
2026-10-07,CY,europe,91,ideal,82,91,100,42,100,1.9,25.5,19.7,0,10.5,2026-10-07T12:00:42.569776Z
2026-10-07,CZ,europe,88,ideal,71,71,100,29,,1.4,21.7,7.2,0,10.7,2026-10-07T12:00:48.933699Z
2026-10-07,DE,europe,89,ideal,70,83,100,27,86,1.3,22.1,10.7,1.9,5.8,2026-10-07T12:00:44.811665Z
2026-10-07,DJ,africa,29,hard,36,65,100,57,88,2.5,30.8,30.2,2.4,19.6,2026-10-07T12:01:03.577461Z
2026-10-07,DK,europe,77,comfortable,67,70,100,11,86,0.5,16.4,10.2,0.9,15.1,2026-10-07T12:00:47.543339Z
2026-10-07,DO,americas,43,acceptable,44,73,100,47,100,2.1,30.5,20.9,1.9,13.1,2026-10-07T12:01:16.286286Z
2026-10-07,DZ,africa,88,ideal,87,94,98,36,100,1.7,27.4,20.1,0.2,25,2026-10-07T12:00:56.390417Z
2026-10-07,EC,americas,80,ideal,79,56,100,62,100,2.7,19.4,9.4,2.4,13.7,2026-10-07T12:01:18.728259Z
2026-10-07,EE,europe,78,comfortable,67,67,100,20,66,1,13.8,6.2,0,19.8,2026-10-07T12:00:48.009398Z
2026-10-07,EG,africa,82,ideal,77,94,100,46,100,2.1,27.2,22.1,0,14.2,2026-10-07T12:00:56.629816Z
2026-10-07,ER,africa,79,comfortable,82,65,88,57,88,2.5,37.3,30.2,0,14.7,2026-10-07T12:01:03.331986Z
2026-10-07,ES,europe,90,ideal,87,98,100,36,100,1.7,24.4,17.6,1.2,15.8,2026-10-07T12:00:40.664619Z
2026-10-07,ET,africa,93,ideal,91,93,100,55,,2.4,29.6,18.7,0,17.3,2026-10-07T12:01:03.094544Z
2026-10-07,FI,europe,65,comfortable,50,79,100,19,70,0.9,12.9,7.8,0,27.4,2026-10-07T12:00:47.297158Z
2026-10-07,FJ,oceania,61,comfortable,68,63,100,57,100,2.5,27.4,19,0.3,16.2,2026-10-07T12:01:20.674926Z
2026-10-07,FR,europe,82,ideal,77,87,98,13,,0.6,19.5,15.5,4,13.3,2026-10-07T12:00:41.135985Z
2026-10-07,GA,africa,50,acceptable,51,85,88,32,100,1.5,27.7,21.8,14.1,4.1,2026-10-07T12:01:01.765688Z
2026-10-07,GB,europe,71,comfortable,71,93,100,0,94,0,,,0,0,2026-10-07T12:00:46.352287Z
2026-10-07,GE,cis,82,ideal,85,87,97,13,100,0.7,17.5,14.3,9.2,16.2,2026-10-07T12:00:50.877383Z
2026-10-07,GH,africa,40,acceptable,42,78,95,45,100,2,32.2,23.9,8,10.2,2026-10-07T12:00:59.284876Z
2026-10-07,GM,africa,23,hard,33,78,95,50,100,2.2,33.1,24.8,9.6,7.9,2026-10-07T12:00:57.842485Z
2026-10-07,GN,africa,49,acceptable,52,80,95,45,100,2,29.6,22.5,9.5,8.8,2026-10-07T12:00:58.084554Z
2026-10-07,GQ,africa,54,acceptable,51,80,95,30,100,1.4,24.8,19.7,6.8,4.4,2026-10-07T12:01:02.011539Z
2026-10-07,GR,europe,95,ideal,87,99,100,43,100,1.9,23.2,18.2,0,19.6,2026-10-07T12:00:41.644981Z
2026-10-07,GT,americas,78,comfortable,71,63,100,45,100,2,24.4,16.3,0.7,15.5,2026-10-07T12:01:14.300983Z
2026-10-07,GW,africa,25,hard,34,73,88,37,100,1.7,30.9,24.8,16.2,9.5,2026-10-07T12:00:58.349638Z
2026-10-07,GY,americas,28,hard,35,81,100,57,100,2.5,35.6,24.2,0,11.8,2026-10-07T12:01:19.455896Z
2026-10-07,HN,americas,59,acceptable,61,63,100,52,100,2.3,29.8,19.7,0.1,9,2026-10-07T12:01:15.091938Z
2026-10-07,HR,europe,89,ideal,78,96,100,33,100,1.5,22.8,18.7,0.1,18.3,2026-10-07T12:00:41.870201Z
2026-10-07,HU,europe,88,ideal,79,93,100,31,,1.5,24.7,11.2,0,12.2,2026-10-07T12:00:49.407812Z
2026-10-07,ID,asia,38,hard,43,67,100,51,100,2.2,28.4,20.2,0,11,2026-10-07T12:01:09.630277Z
2026-10-07,IE,europe,71,comfortable,71,93,100,0,82,0,,,0,0,2026-10-07T12:00:46.588284Z
2026-10-07,IL,middle_east,86,ideal,77,95,100,48,100,2.1,26.4,18,0,14.3,2026-10-07T12:00:53.160441Z
2026-10-07,IN,asia,48,acceptable,55,82,100,49,100,2.2,34.6,24.8,0,12.1,2026-10-07T12:01:11.879646Z
2026-10-07,IQ,middle_east,71,comfortable,55,93,100,25,100,1.2,31.4,23.1,0,19,2026-10-07T12:00:55.263044Z
2026-10-07,IR,middle_east,75,comfortable,88,95,80,42,88,1.9,27.9,18.5,0,13.8,2026-10-07T12:00:55.718321Z
2026-10-07,IS,europe,52,acceptable,45,64,100,12,70,0.6,8.2,4.4,2.1,18,2026-10-07T12:00:47.779489Z
2026-10-07,IT,europe,89,ideal,82,89,100,23,100,1.1,24.1,15.1,2.4,8.4,2026-10-07T12:00:41.382003Z
2026-10-07,JM,americas,55,acceptable,58,81,100,50,100,2.2,30.2,20.8,0.4,14,2026-10-07T12:01:16.517822Z
2026-10-07,JO,middle_east,93,ideal,85,95,100,53,,2.3,24.2,13.5,0,11.7,2026-10-07T12:00:53.388827Z
2026-10-07,JP,asia,94,ideal,89,75,100,41,100,1.9,23.3,10.3,0,20.6,2026-10-07T12:01:07.788556Z
2026-10-07,KE,africa,90,ideal,87,93,100,50,100,2.2,25.6,16.8,3.1,19,2026-10-07T12:01:04.074233Z
2026-10-07,KG,cis,87,ideal,81,84,100,38,,1.7,19.8,9,0.8,8,2026-10-07T12:00:52.249022Z
2026-10-07,KH,asia,30,hard,34,73,95,42,100,1.9,31.9,24.9,7.3,7.9,2026-10-07T12:01:10.712608Z
2026-10-07,KR,asia,95,ideal,84,67,100,45,100,2,22.6,7.4,0,9,2026-10-07T12:01:08.056244Z
2026-10-07,KU,middle_east,88,ideal,86,100,100,25,,1.2,27.2,17.7,0,9.2,2026-10-07T12:00:55.487679Z
2026-10-07,KW,middle_east,19,extreme,31,77,78,52,88,2.3,40.4,29.5,0,8.6,2026-10-07T12:00:55.025956Z
2026-10-07,KZ,cis,79,comfortable,82,78,100,32,,1.5,19.1,8.7,0,8.5,2026-10-07T12:00:51.805270Z
2026-10-07,LA,asia,77,comfortable,64,93,100,52,,2.3,25.7,18.8,0,10,2026-10-07T12:01:10.955295Z
2026-10-07,LB,middle_east,94,ideal,89,83,100,41,100,1.9,23.2,17.1,0,10.9,2026-10-07T12:00:53.616518Z
2026-10-07,LK,asia,36,hard,37,73,95,47,100,2.1,32.7,23.2,8.7,10.7,2026-10-07T12:01:12.287520Z
2026-10-07,LR,africa,43,acceptable,45,80,88,30,100,1.4,28.2,22.9,15.8,11.3,2026-10-07T12:00:58.818879Z
2026-10-07,LS,africa,94,ideal,92,73,88,62,,2.7,17.6,7.4,0,30.1,2026-10-07T12:01:07.564320Z
2026-10-07,LT,europe,81,ideal,69,86,100,18,82,0.9,15.4,9.6,0,10.8,2026-10-07T12:00:48.466523Z
2026-10-07,LU,europe,89,ideal,72,73,100,25,,1.2,21.9,8.3,5,12.3,2026-10-07T12:00:46.116403Z
2026-10-07,LV,europe,79,comfortable,71,86,100,22,86,1.1,14.9,9.6,0,11.1,2026-10-07T12:00:48.245639Z
2026-10-07,LY,africa,88,ideal,82,93,100,47,100,2.1,31,23.9,0,14.5,2026-10-07T12:00:56.863745Z
2026-10-07,MA,africa,89,ideal,86,88,100,46,100,2.1,23.8,19.5,0,14.2,2026-10-07T12:00:55.944331Z
2026-10-07,MD,cis,88,ideal,81,90,100,21,,1.1,22.5,10.6,0,8.3,2026-10-07T12:00:50.387850Z
2026-10-07,ME,europe,95,ideal,62,100,100,40,100,1.8,21.2,15.2,0,11.5,2026-10-07T12:00:42.099325Z
2026-10-07,MG,africa,86,ideal,76,93,95,42,100,1.9,25.8,15.5,7.1,17.7,2026-10-07T12:01:07.101833Z
2026-10-07,MK,europe,93,ideal,82,82,100,42,,1.9,23.5,7.4,0,7.2,2026-10-07T12:00:43.834421Z
2026-10-07,ML,africa,24,hard,33,77,78,62,,2.7,41,29,0,15.8,2026-10-07T12:01:00.210847Z
2026-10-07,MM,asia,39,hard,39,62,100,47,88,2.1,33.3,26.2,2.6,7.6,2026-10-07T12:01:10.442114Z
2026-10-07,MN,asia,73,comfortable,50,50,100,20,,1,13.5,-0.8,0.2,11.7,2026-10-07T12:01:08.889676Z
2026-10-07,MR,africa,18,extreme,35,75,90,55,100,2.4,31.8,26.9,0,16.1,2026-10-07T12:00:57.100238Z
2026-10-07,MT,europe,72,comfortable,71,87,100,40,96,1.8,27,24.4,0,23.1,2026-10-07T12:00:43.073404Z
2026-10-07,MW,africa,80,ideal,84,93,100,67,,2.9,32.4,20.8,0,19.1,2026-10-07T12:01:06.638030Z
2026-10-07,MX,americas,86,ideal,80,81,98,40,,1.8,22.9,15,0.1,12.8,2026-10-07T12:01:14.057598Z
2026-10-07,MY,asia,23,hard,34,81,100,50,100,2.2,35.2,25.4,0.8,15.5,2026-10-07T12:01:09.901286Z
2026-10-07,MZ,africa,67,comfortable,60,85,100,57,100,2.5,34,22.5,0,13,2026-10-07T12:01:06.868705Z
2026-10-07,NA,africa,75,comfortable,62,95,100,70,70,3,33.4,14.6,0,16.9,2026-10-07T12:01:05.651965Z
2026-10-07,NE,africa,21,hard,32,88,68,60,,2.6,37.7,23.5,0,18.4,2026-10-07T12:01:00.695168Z
2026-10-07,NG,africa,37,hard,42,85,85,42,100,1.9,29.4,22.3,10.3,7.7,2026-10-07T12:00:59.982804Z
2026-10-07,NI,americas,51,acceptable,52,56,100,47,100,2.1,29.8,23.5,2.2,10.8,2026-10-07T12:01:15.340932Z
2026-10-07,NL,europe,88,ideal,73,85,95,25,94,1.2,21.1,13,0,14.3,2026-10-07T12:00:45.623715Z
2026-10-07,NO,europe,61,comfortable,53,81,100,13,70,0.7,10.9,7.6,0.6,7.6,2026-10-07T12:00:46.821942Z
2026-10-07,NP,asia,72,comfortable,79,73,95,22,,1.1,20.9,15.4,10.1,7.1,2026-10-07T12:01:12.527697Z
2026-10-07,NZ,oceania,92,ideal,86,80,100,48,86,2.1,19.3,11.3,0,19.1,2026-10-07T12:01:20.171090Z
2026-10-07,OM,middle_east,24,hard,33,53,90,52,88,2.3,33.2,30.6,0,19.9,2026-10-07T12:00:54.075849Z
2026-10-07,PA,americas,29,hard,35,73,95,32,100,1.5,27.5,21.5,7.9,8.1,2026-10-07T12:01:15.814872Z
2026-10-07,PE,americas,86,ideal,88,81,100,40,100,1.8,24.8,18.6,0,10.7,2026-10-07T12:01:18.271164Z
2026-10-07,PG,oceania,68,comfortable,64,63,100,22,100,1.1,18.8,14.3,4.3,10.4,2026-10-07T12:01:20.440300Z
2026-10-07,PH,asia,33,hard,38,66,95,47,100,2.1,32.7,25.3,8.8,4.9,2026-10-07T12:01:10.143368Z
2026-10-07,PK,asia,68,comfortable,70,93,100,32,100,1.5,27.1,22,0.3,14.1,2026-10-07T12:01:13.015237Z
2026-10-07,PL,europe,87,ideal,73,79,100,26,,1.2,20.5,8.3,0,7.7,2026-10-07T12:00:48.693291Z
2026-10-07,PT,europe,93,ideal,88,97,100,35,100,1.6,23.2,18.1,0,18.3,2026-10-07T12:00:40.905097Z
2026-10-07,PY,americas,58,acceptable,52,80,100,50,,2.2,34,21.5,0,18.8,2026-10-07T12:01:18.010881Z
2026-10-07,QA,middle_east,7,extreme,25,75,83,55,88,2.4,37.4,27.8,0,12,2026-10-07T12:00:54.529336Z
2026-10-07,RO,europe,90,ideal,81,77,100,32,100,1.5,23,8.9,0,14.5,2026-10-07T12:00:49.694044Z
2026-10-07,RS,europe,88,ideal,76,77,100,39,,1.8,26.1,6,0,12.3,2026-10-07T12:00:44.055318Z
2026-10-07,RU,cis,79,comfortable,75,73,100,29,100,1.3,17.5,10.7,1.4,8.3,2026-10-07T12:00:51.544636Z
2026-10-07,RW,africa,87,ideal,89,93,95,32,,1.5,25.4,18.1,5.1,17.5,2026-10-07T12:01:04.664164Z
2026-10-07,SA,middle_east,51,acceptable,66,77,68,57,88,2.5,39.3,26.6,0,9.5,2026-10-07T12:00:54.301771Z
2026-10-07,SD,africa,25,hard,32,62,73,52,88,2.3,40.9,30.3,0.6,23.5,2026-10-07T12:00:57.349186Z
2026-10-07,SE,europe,74,comfortable,64,74,100,17,86,0.9,14.2,8.1,0,10.9,2026-10-07T12:00:47.073080Z
2026-10-07,SG,asia,18,extreme,35,70,100,57,100,2.5,32.6,26.1,0,9.3,2026-10-07T12:01:11.185084Z
2026-10-07,SI,europe,90,ideal,76,83,100,25,100,1.2,21.8,12.2,2.9,9.7,2026-10-07T12:00:43.349862Z
2026-10-07,SK,europe,86,ideal,75,74,99,30,,1.4,22.7,6.4,0,15,2026-10-07T12:00:49.171789Z
2026-10-07,SL,africa,34,hard,37,73,88,42,100,1.9,30.6,24,13.7,15.1,2026-10-07T12:00:58.590171Z
2026-10-07,SN,africa,22,hard,32,78,95,45,100,2,33.2,25.5,7.3,6.2,2026-10-07T12:00:57.605015Z
2026-10-07,SO,africa,49,acceptable,53,93,100,52,100,2.3,33.3,24.9,1.9,16.3,2026-10-07T12:01:03.816541Z
2026-10-07,SR,americas,32,hard,31,85,100,67,100,2.9,36.1,22.4,0,11.4,2026-10-07T12:01:19.711841Z
2026-10-07,SV,americas,47,acceptable,47,63,95,42,100,1.9,30,21.5,5.7,11.5,2026-10-07T12:01:14.794305Z
2026-10-07,SZ,africa,90,ideal,60,97,100,32,,1.5,23.9,18,0,22.8,2026-10-07T12:01:07.342049Z
2026-10-07,TD,africa,22,hard,36,74,68,65,,2.8,38.2,28.6,0,23.8,2026-10-07T12:01:00.926666Z
2026-10-07,TG,africa,42,acceptable,43,85,100,45,100,2,28.8,22.7,0.9,14.6,2026-10-07T12:00:59.514185Z
2026-10-07,TH,asia,39,hard,40,77,99,50,100,2.2,30.2,24.2,0,7.8,2026-10-07T12:01:09.111300Z
2026-10-07,TJ,cis,80,ideal,84,88,95,40,,1.8,26,11.7,0,4.1,2026-10-07T12:00:52.470673Z
2026-10-07,TL,asia,57,acceptable,54,70,100,67,100,2.9,27.8,27,0.3,15.1,2026-10-07T12:01:11.660405Z
2026-10-07,TM,cis,91,ideal,88,100,100,35,,1.6,24.8,13.3,0,18.1,2026-10-07T12:00:52.699701Z
2026-10-07,TN,africa,68,comfortable,76,90,100,39,100,1.8,30.7,21.8,0,12.4,2026-10-07T12:00:56.171214Z
2026-10-07,TR,middle_east,92,ideal,89,94,99,41,100,1.8,23.1,14.9,0,13.5,2026-10-07T12:00:52.928552Z
2026-10-07,TT,americas,32,hard,40,81,100,50,100,2.2,29.8,24.5,0.8,13.9,2026-10-07T12:01:16.756359Z
2026-10-07,TW,asia,79,comfortable,64,100,100,25,100,1.2,25.5,21.5,0.1,17,2026-10-07T12:01:08.660539Z
2026-10-07,TZ,africa,75,comfortable,77,97,100,62,100,2.7,31.4,18.4,0,24.6,2026-10-07T12:01:05.152181Z
2026-10-07,UA,cis,89,ideal,85,85,100,25,94,1.2,20.9,11.9,0,9.5,2026-10-07T12:00:50.159166Z
2026-10-07,UG,africa,72,comfortable,71,93,100,40,,1.8,26.8,20.5,2.3,11.6,2026-10-07T12:01:04.421149Z
2026-10-07,US,americas,89,ideal,78,80,100,41,94,1.8,23.2,10.4,0,15.3,2026-10-07T12:01:13.490643Z
2026-10-07,UY,americas,80,ideal,79,70,88,22,70,1.1,24.7,14.9,15.7,23.7,2026-10-07T12:01:17.771382Z
2026-10-07,UZ,cis,92,ideal,87,73,100,34,,1.6,21.2,8.1,0.7,7.2,2026-10-07T12:00:52.025021Z
2026-10-07,VE,americas,48,acceptable,50,66,88,30,100,1.4,27.2,23.3,16.2,5.5,2026-10-07T12:01:19.209064Z
2026-10-07,VN,asia,61,comfortable,51,87,89,31,100,1.4,28.4,23,0,11.4,2026-10-07T12:01:09.338612Z
2026-10-07,XK,europe,92,ideal,78,77,100,42,,1.9,24.3,7,0,13.7,2026-10-07T12:00:44.283283Z
2026-10-07,XN,europe,91,ideal,79,97,100,39,100,1.8,24.8,20.4,0.1,10.8,2026-10-07T12:00:42.832289Z
2026-10-07,ZA,africa,93,ideal,80,64,100,67,86,2.9,23,7.7,0,21.8,2026-10-07T12:01:05.388774Z
2026-10-07,ZM,africa,58,acceptable,66,100,100,60,,2.6,32.9,19.4,0.2,13.2,2026-10-07T12:01:06.404523Z
2026-10-07,ZW,africa,84,ideal,81,85,100,57,,2.5,28.6,16.2,1.7,13.4,2026-10-07T12:01:06.167658Z
