currency,per_eur
AED,4.11865981
AFN,72.46065535
ALL,91.98907019
AMD,405.72771334
ANG,2.0166776
AOA,1027.29604605
ARS,1704.57180717
AUD,1.60930465
AWG,2.00746115
AZN,1.90655347
BAM,1.95583
BBD,2.24297335
BDT,137.86434865
BGN,1.95583
BHD,0.42167899
BIF,3369.41903333
BMD,1.12148668
BND,1.43492087
BOB,13.45322571
BRL,5.60599907
BSD,1.12148668
BTN,108.13156571
BWP,15.4352934
BYN,3.443994
BZD,2.25541772
CAD,1.600203
CDF,2591.75104678
CHF,0.93279904
CLP,1091.23918881
CNY,7.51975387
COP,3587.23129326
CRC,513.17760488
CUP,134.5784
CVE,110.27
CZK,24.46397214
DJF,199.51356603
DKK,7.47404366
DOP,67.21193343
DZD,150.75746375
EGP,58.79738671
ERN,16.82230013
ETB,182.42316134
EUR,1
FJD,2.52345014
FKP,0.8487138
GBP,0.8487138
GEL,2.9263
GHS,13.18493326
GIP,0.8487138
GMD,83.00240018
GNF,9860.29992511
GTQ,8.55853981
GYD,234.10972232
HKD,8.80081283
HNL,30.07135519
HTG,146.54688293
HUF,367.35306058
IDR,20091.70330756
ILS,3.42967871
INR,108.13156571
IQD,1466.16269911
IRR,2017023.336678
ISK,136.93132551
JMD,177.47023663
JOD,0.79513405
JPY,177.31983409
KES,145.57895963
KGS,98.08373989
KHR,4543.25905226
KMF,491.96774999
KRW,1505.55552761
KWD,0.34665791
KYD,0.93230752
KZT,510.58918197
LAK,25164.73729033
LBP,101138.59716539
LKR,369.90256624
LRD,191.38046841
LSL,18.67151149
LYD,7.19558015
MAD,11.19319272
MDL,20.09941657
MGA,4966.439858
MKD,61.52652379
MMK,2354.19638926
MNT,4031.94157199
MOP,9.06483722
MRU,44.90091028
MUR,53.16096724
MVR,17.33780761
MWK,1941.10221967
MXN,20.271139
MYR,4.58200585
MZN,71.58365047
NAD,18.67151149
NGN,1482.65553683
NIO,41.22939957
NOK,10.7638707
NPR,173.09160382
NZD,2.003623
OMR,0.43161373
PAB,1.12148668
PEN,3.86141616
PGK,5.05260701
PHP,70.48131948
PKR,310.09137884
PLN,4.38062888
PYG,6551.71316005
QAR,4.0822115
RON,5.34534897
RSD,117.45441194
RUB,96.0313
RWF,1653.03868915
SAR,4.20557503
SBD,9.04892896
SCR,15.88444583
SDG,673.09460509
SEK,11.26496067
SGD,1.43492087
SHP,0.8487138
SLE,25.85575232
SOS,638.07257201
SRD,42.28657287
SSP,6422.34581519
STN,24.6736234
SYP,145.83587879
THB,37.74885253
TJS,10.32175898
TMT,3.93572055
TND,3.35641071
TOP,2.70104157
TRY,55.2847
TTD,7.59329738
TWD,35.64292321
TZS,2958.91629146
UAH,50.6394
UGX,4508.53985584
USD,1.12148668
UYU,45.30367379
UZS,13196.587046
VES,976.50599825
VND,29153.45908861
VUV,134.81622576
WST,3.12131386
XAF,655.95699999
XCD,3.03577577
XOF,655.95699999
XPF,119.33174224
YER,264.89258988
ZAR,18.67151149
ZMW,22.17218522
ZWG,30.02391284
