country_code,country_name,region,vanbasket_index,pct_vs_world,data_quality,last_updated_at
AE,UAE,middle_east,138.4,38.4,official,2026-10-01
AL,Albania,europe,96.9,-3.1,official,2026-10-01
AM,Armenia,asia,78,-22,official,2026-10-01
AR,Argentina,americas,70,-30,official,2026-10-01
AT,Austria,europe,128.4,28.4,official,2026-10-01
AU,Australia,oceania,148.5,48.5,official,2026-10-01
AZ,Azerbaijan,asia,83,-17,official,2026-10-01
BA,Bih,europe,92,-8,official,2026-10-01
BD,Bangladesh,asia,65,-35,official,2026-10-01
BE,Belgium,europe,124.8,24.8,official,2026-10-01
BG,Bulgaria,europe,92.4,-7.6,official,2026-10-01
BR,Brazil,americas,78,-22,official,2026-10-01
BY,Belarus,europe,80,-20,official,2026-10-01
CA,Canada,americas,152,52,official,2026-10-01
CH,Switzerland,europe,199.2,99.2,official,2026-10-01
CL,Chile,americas,92,-8,official,2026-10-01
CN,China,asia,130.4,30.4,official,2026-10-01
CO,Colombia,americas,72,-28,official,2026-10-01
CR,Costa Rica,americas,95,-5,official,2026-10-01
CY,Cyprus,europe,118,18,official,2026-10-01
CZ,Czech Republic,europe,105.4,5.4,official,2026-10-01
DE,Germany,europe,124.9,24.9,official,2026-10-01
DK,Denmark,europe,140.2,40.2,official,2026-10-01
EG,Egypt,middle_east,65,-35,official,2026-10-01
ES,Spain,europe,115.5,15.5,official,2026-10-01
FI,Finland,europe,133,33,official,2026-10-01
FR,France,europe,132.1,32.1,official,2026-10-01
GE,Georgia,asia,75,-25,official,2026-10-01
GH,Ghana,africa,82,-18,official,2026-10-01
GR,Greece,europe,116,16,official,2026-10-01
HR,Croatia,europe,112,12,official,2026-10-01
HU,Hungary,europe,101,1,official,2026-10-01
ID,Indonesia,asia,89.5,-10.5,official,2026-10-01
IE,Ireland,europe,130,30,official,2026-10-01
IL,Israel,middle_east,188.7,88.7,official,2026-10-01
IN,India,asia,58.2,-41.8,official,2026-10-01
IS,Iceland,europe,165,65,official,2026-10-01
IT,Italy,europe,128.8,28.8,official,2026-10-01
JO,Jordan,middle_east,110,10,official,2026-10-01
JP,Japan,asia,199.5,99.5,official,2026-10-01
KE,Kenya,africa,78,-22,official,2026-10-01
KG,Kyrgyzstan,asia,65,-35,official,2026-10-01
KH,Cambodia,asia,89.6,-10.4,official,2026-10-01
KR,South Korea,asia,208.8,108.8,official,2026-10-01
KZ,Kazakhstan,asia,76,-24,official,2026-10-01
LA,Laos,asia,82,-18,official,2026-10-01
LB,Lebanon,middle_east,95,-5,official,2026-10-01
LK,Sri Lanka,asia,68,-32,official,2026-10-01
LU,Luxembourg,europe,128.5,28.5,official,2026-10-01
MA,Morocco,africa,92.6,-7.4,official,2026-10-01
MD,Moldova,europe,72,-28,official,2026-10-01
ME,Montenegro,europe,95,-5,official,2026-10-01
MK,North Macedonia,europe,85,-15,official,2026-10-01
MM,Myanmar,asia,63,-37,official,2026-10-01
MN,Mongolia,asia,78,-22,official,2026-10-01
MT,Malta,europe,115,15,official,2026-10-01
MX,Mexico,americas,88,-12,official,2026-10-01
MY,Malaysia,asia,90,-10,official,2026-10-01
NA,Namibia,africa,80,-20,official,2026-10-01
NL,Netherlands,europe,114,14,official,2026-10-01
NO,Norway,europe,177.2,77.2,official,2026-10-01
NP,Nepal,asia,61,-39,official,2026-10-01
NZ,New Zealand,oceania,142.5,42.5,official,2026-10-01
OM,Oman,middle_east,120,20,official,2026-10-01
PA,Panama,americas,88,-12,official,2026-10-01
PE,Peru,americas,75,-25,official,2026-10-01
PH,Philippines,asia,93.2,-6.8,official,2026-10-01
PK,Pakistan,asia,69,-31,official,2026-10-01
PL,Poland,europe,96,-4,official,2026-10-01
PT,Portugal,europe,117.8,17.8,official,2026-10-01
QA,Qatar,middle_east,127.9,27.9,official,2026-10-01
RO,Romania,europe,88,-12,official,2026-10-01
RS,Serbia,europe,99.5,-0.5,official,2026-10-01
RU,Russia,europe,82,-18,official,2026-10-01
SA,Saudi Arabia,middle_east,130.2,30.2,official,2026-10-01
SE,Sweden,europe,138.3,38.3,official,2026-10-01
SG,Singapore,asia,130.8,30.8,official,2026-10-01
SI,Slovenia,europe,112.5,12.5,official,2026-10-01
SK,Slovakia,europe,104,4,official,2026-10-01
SN,Senegal,africa,85,-15,official,2026-10-01
TH,Thailand,asia,83,-17,official,2026-10-01
TJ,Tajikistan,asia,62,-38,official,2026-10-01
TN,Tunisia,africa,74,-26,official,2026-10-01
TR,Turkey,middle_east,88,-12,official,2026-10-01
TW,Taiwan,asia,110,10,official,2026-10-01
TZ,Tanzania,africa,70,-30,official,2026-10-01
UA,Ukraine,europe,70,-30,official,2026-10-01
US,United States,americas,117.5,17.5,official,2026-10-01
UY,Uruguay,americas,95,-5,official,2026-10-01
UZ,Uzbekistan,asia,68,-32,official,2026-10-01
VN,Vietnam,asia,84,-16,official,2026-10-01
ZA,South Africa,africa,72,-28,official,2026-10-01
