country_code,region,van_score,score_label,week_score,sleep_score,drive_score,solar_score,sea_score,solar_kwh,temp_day,temp_night,precip_sum,wind_max,fetched_at
AD,europe,73,comfortable,71,55,100,20,,1,11.1,7.5,2.8,10.5,2026-10-07T12:00:44.562649Z
AE,middle_east,22,hard,25,63,94,54,88,2.4,37.7,30.4,0,6.1,2026-10-07T12:00:53.839955Z
AL,europe,93,ideal,76,90,100,40,100,1.8,25.6,12.3,0,9.5,2026-10-07T12:00:42.327778Z
AM,cis,88,ideal,87,74,100,34,,1.6,17.9,9.5,2.3,10,2026-10-07T12:00:51.107967Z
AO,africa,69,comfortable,63,93,100,57,100,2.5,27.4,22.1,0,16.6,2026-10-07T12:01:02.835709Z
AR,americas,67,comfortable,75,76,100,28,,1.3,18.9,13.5,4.8,21.6,2026-10-07T12:01:16.976934Z
AT,europe,90,ideal,74,86,100,34,,1.6,22.8,9.8,0,8,2026-10-07T12:00:45.108449Z
AU,oceania,91,ideal,85,85,98,45,100,2,22,14.1,8.3,18.2,2026-10-07T12:01:19.941327Z
AZ,cis,87,ideal,88,82,100,13,,0.7,18.2,14.7,0.1,10.9,2026-10-07T12:00:51.326762Z
BA,europe,88,ideal,74,84,100,34,100,1.6,22,12.7,0,20.5,2026-10-07T12:00:43.595412Z
BD,asia,16,extreme,35,86,100,35,100,1.6,32.8,25.9,1.7,3.3,2026-10-07T12:01:12.772672Z
BE,europe,83,ideal,73,75,91,25,94,1.2,23.1,10.1,8.9,15.7,2026-10-07T12:00:45.872791Z
BF,africa,29,hard,33,86,95,52,,2.3,33.4,25.1,2.1,9,2026-10-07T12:01:00.459056Z
BG,europe,92,ideal,80,91,100,37,100,1.7,22,11.5,0,13.1,2026-10-07T12:00:49.930172Z
BH,middle_east,13,extreme,24,75,88,52,88,2.3,37.5,28,0,10.4,2026-10-07T12:00:54.780756Z
BI,africa,85,ideal,86,97,100,37,,1.7,26.7,18,3.5,22.1,2026-10-07T12:01:04.906144Z
BJ,africa,38,hard,43,78,100,47,100,2.1,30.8,23.8,0.7,11.6,2026-10-07T12:00:59.753175Z
BN,asia,26,hard,34,74,88,42,88,1.9,29.9,26,20.1,7,2026-10-07T12:01:11.428833Z
BO,americas,70,comfortable,74,60,100,80,,3.5,19,1.4,0,18.8,2026-10-07T12:01:18.499576Z
BR,americas,55,acceptable,49,76,100,39,100,1.8,23.6,19,1.7,10.5,2026-10-07T12:01:17.198559Z
BT,asia,86,ideal,86,45,100,27,,1.3,13.2,4.1,1,7.3,2026-10-07T12:01:13.262788Z
BW,africa,69,comfortable,68,100,100,67,,2.9,31.8,16,0,19.8,2026-10-07T12:01:05.891605Z
BY,cis,83,ideal,69,74,100,24,,1.2,18.9,8.8,0,6.2,2026-10-07T12:00:50.623235Z
BZ,americas,23,hard,31,56,100,47,100,2.1,33.3,24.8,3.1,9,2026-10-07T12:01:14.531747Z
CA,americas,76,comfortable,66,73,94,24,70,1.2,19,11.9,0.3,31.5,2026-10-07T12:01:13.828286Z
CD,africa,48,acceptable,51,93,100,55,,2.4,32.8,22.3,0,13,2026-10-07T12:01:02.570563Z
CG,africa,48,acceptable,54,93,100,50,100,2.2,33.3,23.7,0,12.2,2026-10-07T12:01:02.261069Z
CH,europe,88,ideal,70,84,100,22,,1.1,21.5,11.1,0.5,7.5,2026-10-07T12:00:45.329627Z
CI,africa,42,acceptable,43,73,95,40,100,1.8,29.4,23.6,11.5,9.4,2026-10-07T12:00:59.049118Z
CL,americas,91,ideal,91,63,88,30,86,1.4,16.7,10.5,24.8,24.5,2026-10-07T12:01:17.536643Z
CM,africa,56,acceptable,55,85,100,42,100,1.9,26.4,20.5,4.2,8,2026-10-07T12:01:01.451405Z
CN,asia,88,ideal,85,78,100,40,100,1.8,26,10.3,0,10.9,2026-10-07T12:01:08.348074Z
CO,americas,66,comfortable,62,81,100,45,100,2,20.3,12.3,4.9,13,2026-10-07T12:01:18.958335Z
CR,americas,75,comfortable,67,81,95,37,100,1.7,20.1,14,8,8,2026-10-07T12:01:15.579406Z
CU,americas,35,hard,36,56,100,50,100,2.2,33.4,23.4,0.1,7.5,2026-10-07T12:01:16.048946Z
CV,africa,47,acceptable,49,70,95,55,100,2.4,27.9,26.6,0,18.1,2026-10-07T12:01:01.171751Z
CY,europe,91,ideal,82,91,100,42,100,1.9,25.5,19.7,0,10.5,2026-10-07T12:00:42.569776Z
CZ,europe,88,ideal,71,71,100,29,,1.4,21.7,7.2,0,10.7,2026-10-07T12:00:48.933699Z
DE,europe,89,ideal,70,83,100,27,86,1.3,22.1,10.7,1.9,5.8,2026-10-07T12:00:44.811665Z
DJ,africa,29,hard,36,65,100,57,88,2.5,30.8,30.2,2.4,19.6,2026-10-07T12:01:03.577461Z
DK,europe,77,comfortable,67,70,100,11,86,0.5,16.4,10.2,0.9,15.1,2026-10-07T12:00:47.543339Z
DO,americas,43,acceptable,44,73,100,47,100,2.1,30.5,20.9,1.9,13.1,2026-10-07T12:01:16.286286Z
DZ,africa,88,ideal,87,94,98,36,100,1.7,27.4,20.1,0.2,25,2026-10-07T12:00:56.390417Z
EC,americas,80,ideal,79,56,100,62,100,2.7,19.4,9.4,2.4,13.7,2026-10-07T12:01:18.728259Z
EE,europe,78,comfortable,67,67,100,20,66,1,13.8,6.2,0,19.8,2026-10-07T12:00:48.009398Z
EG,africa,82,ideal,77,94,100,46,100,2.1,27.2,22.1,0,14.2,2026-10-07T12:00:56.629816Z
ER,africa,79,comfortable,82,65,88,57,88,2.5,37.3,30.2,0,14.7,2026-10-07T12:01:03.331986Z
ES,europe,90,ideal,87,98,100,36,100,1.7,24.4,17.6,1.2,15.8,2026-10-07T12:00:40.664619Z
ET,africa,93,ideal,91,93,100,55,,2.4,29.6,18.7,0,17.3,2026-10-07T12:01:03.094544Z
FI,europe,65,comfortable,50,79,100,19,70,0.9,12.9,7.8,0,27.4,2026-10-07T12:00:47.297158Z
FJ,oceania,61,comfortable,68,63,100,57,100,2.5,27.4,19,0.3,16.2,2026-10-07T12:01:20.674926Z
FR,europe,82,ideal,77,87,98,13,,0.6,19.5,15.5,4,13.3,2026-10-07T12:00:41.135985Z
GA,africa,50,acceptable,51,85,88,32,100,1.5,27.7,21.8,14.1,4.1,2026-10-07T12:01:01.765688Z
GB,europe,71,comfortable,71,93,100,0,94,0,,,0,0,2026-10-07T12:00:46.352287Z
GE,cis,82,ideal,85,87,97,13,100,0.7,17.5,14.3,9.2,16.2,2026-10-07T12:00:50.877383Z
GH,africa,40,acceptable,42,78,95,45,100,2,32.2,23.9,8,10.2,2026-10-07T12:00:59.284876Z
GM,africa,23,hard,33,78,95,50,100,2.2,33.1,24.8,9.6,7.9,2026-10-07T12:00:57.842485Z
GN,africa,49,acceptable,52,80,95,45,100,2,29.6,22.5,9.5,8.8,2026-10-07T12:00:58.084554Z
GQ,africa,54,acceptable,51,80,95,30,100,1.4,24.8,19.7,6.8,4.4,2026-10-07T12:01:02.011539Z
GR,europe,95,ideal,87,99,100,43,100,1.9,23.2,18.2,0,19.6,2026-10-07T12:00:41.644981Z
GT,americas,78,comfortable,71,63,100,45,100,2,24.4,16.3,0.7,15.5,2026-10-07T12:01:14.300983Z
GW,africa,25,hard,34,73,88,37,100,1.7,30.9,24.8,16.2,9.5,2026-10-07T12:00:58.349638Z
GY,americas,28,hard,35,81,100,57,100,2.5,35.6,24.2,0,11.8,2026-10-07T12:01:19.455896Z
HN,americas,59,acceptable,61,63,100,52,100,2.3,29.8,19.7,0.1,9,2026-10-07T12:01:15.091938Z
HR,europe,89,ideal,78,96,100,33,100,1.5,22.8,18.7,0.1,18.3,2026-10-07T12:00:41.870201Z
HU,europe,88,ideal,79,93,100,31,,1.5,24.7,11.2,0,12.2,2026-10-07T12:00:49.407812Z
ID,asia,38,hard,43,67,100,51,100,2.2,28.4,20.2,0,11,2026-10-07T12:01:09.630277Z
IE,europe,71,comfortable,71,93,100,0,82,0,,,0,0,2026-10-07T12:00:46.588284Z
IL,middle_east,86,ideal,77,95,100,48,100,2.1,26.4,18,0,14.3,2026-10-07T12:00:53.160441Z
IN,asia,48,acceptable,55,82,100,49,100,2.2,34.6,24.8,0,12.1,2026-10-07T12:01:11.879646Z
IQ,middle_east,71,comfortable,55,93,100,25,100,1.2,31.4,23.1,0,19,2026-10-07T12:00:55.263044Z
IR,middle_east,75,comfortable,88,95,80,42,88,1.9,27.9,18.5,0,13.8,2026-10-07T12:00:55.718321Z
IS,europe,52,acceptable,45,64,100,12,70,0.6,8.2,4.4,2.1,18,2026-10-07T12:00:47.779489Z
IT,europe,89,ideal,82,89,100,23,100,1.1,24.1,15.1,2.4,8.4,2026-10-07T12:00:41.382003Z
JM,americas,55,acceptable,58,81,100,50,100,2.2,30.2,20.8,0.4,14,2026-10-07T12:01:16.517822Z
JO,middle_east,93,ideal,85,95,100,53,,2.3,24.2,13.5,0,11.7,2026-10-07T12:00:53.388827Z
JP,asia,94,ideal,89,75,100,41,100,1.9,23.3,10.3,0,20.6,2026-10-07T12:01:07.788556Z
KE,africa,90,ideal,87,93,100,50,100,2.2,25.6,16.8,3.1,19,2026-10-07T12:01:04.074233Z
KG,cis,87,ideal,81,84,100,38,,1.7,19.8,9,0.8,8,2026-10-07T12:00:52.249022Z
KH,asia,30,hard,34,73,95,42,100,1.9,31.9,24.9,7.3,7.9,2026-10-07T12:01:10.712608Z
KR,asia,95,ideal,84,67,100,45,100,2,22.6,7.4,0,9,2026-10-07T12:01:08.056244Z
KU,middle_east,88,ideal,86,100,100,25,,1.2,27.2,17.7,0,9.2,2026-10-07T12:00:55.487679Z
KW,middle_east,19,extreme,31,77,78,52,88,2.3,40.4,29.5,0,8.6,2026-10-07T12:00:55.025956Z
KZ,cis,79,comfortable,82,78,100,32,,1.5,19.1,8.7,0,8.5,2026-10-07T12:00:51.805270Z
LA,asia,77,comfortable,64,93,100,52,,2.3,25.7,18.8,0,10,2026-10-07T12:01:10.955295Z
LB,middle_east,94,ideal,89,83,100,41,100,1.9,23.2,17.1,0,10.9,2026-10-07T12:00:53.616518Z
LK,asia,36,hard,37,73,95,47,100,2.1,32.7,23.2,8.7,10.7,2026-10-07T12:01:12.287520Z
LR,africa,43,acceptable,45,80,88,30,100,1.4,28.2,22.9,15.8,11.3,2026-10-07T12:00:58.818879Z
LS,africa,94,ideal,92,73,88,62,,2.7,17.6,7.4,0,30.1,2026-10-07T12:01:07.564320Z
LT,europe,81,ideal,69,86,100,18,82,0.9,15.4,9.6,0,10.8,2026-10-07T12:00:48.466523Z
LU,europe,89,ideal,72,73,100,25,,1.2,21.9,8.3,5,12.3,2026-10-07T12:00:46.116403Z
LV,europe,79,comfortable,71,86,100,22,86,1.1,14.9,9.6,0,11.1,2026-10-07T12:00:48.245639Z
LY,africa,88,ideal,82,93,100,47,100,2.1,31,23.9,0,14.5,2026-10-07T12:00:56.863745Z
MA,africa,89,ideal,86,88,100,46,100,2.1,23.8,19.5,0,14.2,2026-10-07T12:00:55.944331Z
MD,cis,88,ideal,81,90,100,21,,1.1,22.5,10.6,0,8.3,2026-10-07T12:00:50.387850Z
ME,europe,95,ideal,62,100,100,40,100,1.8,21.2,15.2,0,11.5,2026-10-07T12:00:42.099325Z
MG,africa,86,ideal,76,93,95,42,100,1.9,25.8,15.5,7.1,17.7,2026-10-07T12:01:07.101833Z
MK,europe,93,ideal,82,82,100,42,,1.9,23.5,7.4,0,7.2,2026-10-07T12:00:43.834421Z
ML,africa,24,hard,33,77,78,62,,2.7,41,29,0,15.8,2026-10-07T12:01:00.210847Z
MM,asia,39,hard,39,62,100,47,88,2.1,33.3,26.2,2.6,7.6,2026-10-07T12:01:10.442114Z
MN,asia,73,comfortable,50,50,100,20,,1,13.5,-0.8,0.2,11.7,2026-10-07T12:01:08.889676Z
MR,africa,18,extreme,35,75,90,55,100,2.4,31.8,26.9,0,16.1,2026-10-07T12:00:57.100238Z
MT,europe,72,comfortable,71,87,100,40,96,1.8,27,24.4,0,23.1,2026-10-07T12:00:43.073404Z
MW,africa,80,ideal,84,93,100,67,,2.9,32.4,20.8,0,19.1,2026-10-07T12:01:06.638030Z
MX,americas,86,ideal,80,81,98,40,,1.8,22.9,15,0.1,12.8,2026-10-07T12:01:14.057598Z
MY,asia,23,hard,34,81,100,50,100,2.2,35.2,25.4,0.8,15.5,2026-10-07T12:01:09.901286Z
MZ,africa,67,comfortable,60,85,100,57,100,2.5,34,22.5,0,13,2026-10-07T12:01:06.868705Z
NA,africa,75,comfortable,62,95,100,70,70,3,33.4,14.6,0,16.9,2026-10-07T12:01:05.651965Z
NE,africa,21,hard,32,88,68,60,,2.6,37.7,23.5,0,18.4,2026-10-07T12:01:00.695168Z
NG,africa,37,hard,42,85,85,42,100,1.9,29.4,22.3,10.3,7.7,2026-10-07T12:00:59.982804Z
NI,americas,51,acceptable,52,56,100,47,100,2.1,29.8,23.5,2.2,10.8,2026-10-07T12:01:15.340932Z
NL,europe,88,ideal,73,85,95,25,94,1.2,21.1,13,0,14.3,2026-10-07T12:00:45.623715Z
NO,europe,61,comfortable,53,81,100,13,70,0.7,10.9,7.6,0.6,7.6,2026-10-07T12:00:46.821942Z
NP,asia,72,comfortable,79,73,95,22,,1.1,20.9,15.4,10.1,7.1,2026-10-07T12:01:12.527697Z
NZ,oceania,92,ideal,86,80,100,48,86,2.1,19.3,11.3,0,19.1,2026-10-07T12:01:20.171090Z
OM,middle_east,24,hard,33,53,90,52,88,2.3,33.2,30.6,0,19.9,2026-10-07T12:00:54.075849Z
PA,americas,29,hard,35,73,95,32,100,1.5,27.5,21.5,7.9,8.1,2026-10-07T12:01:15.814872Z
PE,americas,86,ideal,88,81,100,40,100,1.8,24.8,18.6,0,10.7,2026-10-07T12:01:18.271164Z
PG,oceania,68,comfortable,64,63,100,22,100,1.1,18.8,14.3,4.3,10.4,2026-10-07T12:01:20.440300Z
PH,asia,33,hard,38,66,95,47,100,2.1,32.7,25.3,8.8,4.9,2026-10-07T12:01:10.143368Z
PK,asia,68,comfortable,70,93,100,32,100,1.5,27.1,22,0.3,14.1,2026-10-07T12:01:13.015237Z
PL,europe,87,ideal,73,79,100,26,,1.2,20.5,8.3,0,7.7,2026-10-07T12:00:48.693291Z
PT,europe,93,ideal,88,97,100,35,100,1.6,23.2,18.1,0,18.3,2026-10-07T12:00:40.905097Z
PY,americas,58,acceptable,52,80,100,50,,2.2,34,21.5,0,18.8,2026-10-07T12:01:18.010881Z
QA,middle_east,7,extreme,25,75,83,55,88,2.4,37.4,27.8,0,12,2026-10-07T12:00:54.529336Z
RO,europe,90,ideal,81,77,100,32,100,1.5,23,8.9,0,14.5,2026-10-07T12:00:49.694044Z
RS,europe,88,ideal,76,77,100,39,,1.8,26.1,6,0,12.3,2026-10-07T12:00:44.055318Z
RU,cis,79,comfortable,75,73,100,29,100,1.3,17.5,10.7,1.4,8.3,2026-10-07T12:00:51.544636Z
RW,africa,87,ideal,89,93,95,32,,1.5,25.4,18.1,5.1,17.5,2026-10-07T12:01:04.664164Z
SA,middle_east,51,acceptable,66,77,68,57,88,2.5,39.3,26.6,0,9.5,2026-10-07T12:00:54.301771Z
SD,africa,25,hard,32,62,73,52,88,2.3,40.9,30.3,0.6,23.5,2026-10-07T12:00:57.349186Z
SE,europe,74,comfortable,64,74,100,17,86,0.9,14.2,8.1,0,10.9,2026-10-07T12:00:47.073080Z
SG,asia,18,extreme,35,70,100,57,100,2.5,32.6,26.1,0,9.3,2026-10-07T12:01:11.185084Z
SI,europe,90,ideal,76,83,100,25,100,1.2,21.8,12.2,2.9,9.7,2026-10-07T12:00:43.349862Z
SK,europe,86,ideal,75,74,99,30,,1.4,22.7,6.4,0,15,2026-10-07T12:00:49.171789Z
SL,africa,34,hard,37,73,88,42,100,1.9,30.6,24,13.7,15.1,2026-10-07T12:00:58.590171Z
SN,africa,22,hard,32,78,95,45,100,2,33.2,25.5,7.3,6.2,2026-10-07T12:00:57.605015Z
SO,africa,49,acceptable,53,93,100,52,100,2.3,33.3,24.9,1.9,16.3,2026-10-07T12:01:03.816541Z
SR,americas,32,hard,31,85,100,67,100,2.9,36.1,22.4,0,11.4,2026-10-07T12:01:19.711841Z
SV,americas,47,acceptable,47,63,95,42,100,1.9,30,21.5,5.7,11.5,2026-10-07T12:01:14.794305Z
SZ,africa,90,ideal,60,97,100,32,,1.5,23.9,18,0,22.8,2026-10-07T12:01:07.342049Z
TD,africa,22,hard,36,74,68,65,,2.8,38.2,28.6,0,23.8,2026-10-07T12:01:00.926666Z
TG,africa,42,acceptable,43,85,100,45,100,2,28.8,22.7,0.9,14.6,2026-10-07T12:00:59.514185Z
TH,asia,39,hard,40,77,99,50,100,2.2,30.2,24.2,0,7.8,2026-10-07T12:01:09.111300Z
TJ,cis,80,ideal,84,88,95,40,,1.8,26,11.7,0,4.1,2026-10-07T12:00:52.470673Z
TL,asia,57,acceptable,54,70,100,67,100,2.9,27.8,27,0.3,15.1,2026-10-07T12:01:11.660405Z
TM,cis,91,ideal,88,100,100,35,,1.6,24.8,13.3,0,18.1,2026-10-07T12:00:52.699701Z
TN,africa,68,comfortable,76,90,100,39,100,1.8,30.7,21.8,0,12.4,2026-10-07T12:00:56.171214Z
TR,middle_east,92,ideal,89,94,99,41,100,1.8,23.1,14.9,0,13.5,2026-10-07T12:00:52.928552Z
TT,americas,32,hard,40,81,100,50,100,2.2,29.8,24.5,0.8,13.9,2026-10-07T12:01:16.756359Z
TW,asia,79,comfortable,64,100,100,25,100,1.2,25.5,21.5,0.1,17,2026-10-07T12:01:08.660539Z
TZ,africa,75,comfortable,77,97,100,62,100,2.7,31.4,18.4,0,24.6,2026-10-07T12:01:05.152181Z
UA,cis,89,ideal,85,85,100,25,94,1.2,20.9,11.9,0,9.5,2026-10-07T12:00:50.159166Z
UG,africa,72,comfortable,71,93,100,40,,1.8,26.8,20.5,2.3,11.6,2026-10-07T12:01:04.421149Z
US,americas,89,ideal,78,80,100,41,94,1.8,23.2,10.4,0,15.3,2026-10-07T12:01:13.490643Z
UY,americas,80,ideal,79,70,88,22,70,1.1,24.7,14.9,15.7,23.7,2026-10-07T12:01:17.771382Z
UZ,cis,92,ideal,87,73,100,34,,1.6,21.2,8.1,0.7,7.2,2026-10-07T12:00:52.025021Z
VE,americas,48,acceptable,50,66,88,30,100,1.4,27.2,23.3,16.2,5.5,2026-10-07T12:01:19.209064Z
VN,asia,61,comfortable,51,87,89,31,100,1.4,28.4,23,0,11.4,2026-10-07T12:01:09.338612Z
XK,europe,92,ideal,78,77,100,42,,1.9,24.3,7,0,13.7,2026-10-07T12:00:44.283283Z
XN,europe,91,ideal,79,97,100,39,100,1.8,24.8,20.4,0.1,10.8,2026-10-07T12:00:42.832289Z
ZA,africa,93,ideal,80,64,100,67,86,2.9,23,7.7,0,21.8,2026-10-07T12:01:05.388774Z
ZM,africa,58,acceptable,66,100,100,60,,2.6,32.9,19.4,0.2,13.2,2026-10-07T12:01:06.404523Z
ZW,africa,84,ideal,81,85,100,57,,2.5,28.6,16.2,1.7,13.4,2026-10-07T12:01:06.167658Z
